,default_profile,default_profile_image,favourites_count,followers_count,friends_count,geo_enabled,statuses_count,verified,account_age_days,account_type
41,0,0,2314,49,87,1,3233,0,3491,1
66,0,0,6102,1147,33,1,2953,0,3212,1
92,0,0,0,714,747,0,1258100,0,3731,1
95,1,0,414,57,1149,0,444,0,2557,1
110,0,0,2100,15,0,0,2940,0,4845,1
130,1,0,219,4,44,0,258,0,1148,1
143,1,0,1047,6,76,0,1577,0,1358,1
147,1,0,712,11,0,1,1022,0,3170,1
175,1,0,0,772,1106,0,72034,0,2978,1
180,0,0,3497,8451,660,1,3547,0,2953,1
200,0,0,16189,128749,59572,1,21405,1,4104,1
202,1,0,97,1,0,0,11,0,3630,1
206,0,0,1901,74,866,1,2475,0,4172,1
231,0,0,0,15,0,0,2741,0,488,1
252,0,0,48681,1501,488,0,223637,0,4925,1
269,0,0,2122,105,201,0,3850,0,3037,1
274,0,0,1781,19,67,0,2425,0,4052,1
306,0,0,2685,167,108,1,3541,0,4140,1
343,1,0,2613,15,0,0,4214,0,2949,1
360,1,0,1191,23,99,0,1800,0,2225,1
435,0,0,14,838,930,0,167581,0,3543,1
448,1,0,29,0,0,0,214,0,1158,1
461,1,0,2232,74,0,0,3269,0,2781,1
507,1,0,1112,78,177,0,9336,0,1196,1
532,0,0,1401,10,0,0,1463,0,2240,1
566,0,0,1124,3057,2098,1,5373,0,2895,1
610,0,0,626,26,35,0,893,0,1209,1
612,0,0,10323,189,0,1,17762,0,3981,1
619,0,0,2300,849,2112,1,508,0,1259,1
627,1,0,308,5,0,0,44,0,2601,1
657,1,0,2276,127,267,1,3385,0,4163,1
662,0,0,1610,28,135,0,2275,0,4178,1
728,1,0,1522,3,0,0,2075,0,3430,1
735,1,0,95,0,0,0,698,0,1154,1
762,0,0,0,23,34,0,1227,0,1023,1
811,1,0,19,4365,5320,0,126,0,2235,1
820,1,0,540,16,0,0,94,0,3630,1
844,1,1,0,9,30,0,922,0,2349,1
856,1,0,2088,7,47,0,2824,0,2160,1
862,0,0,1108,73,0,0,1588,0,4074,1
865,1,0,346,0,20,0,346,0,1412,1
877,0,0,165,15,0,0,56,0,3613,1
882,0,0,100,240293,20,1,36900,1,3533,1
968,1,0,690,5,0,1,1019,0,3144,1
975,0,0,2267,273,250,1,6999,0,3448,1
978,1,0,1908,13,0,0,2663,0,1730,1
981,1,0,2362,9,0,0,3584,0,3975,1
1000,1,0,1248,8,0,0,1248,0,1462,1
1005,0,0,534,81894,917,1,9502,0,4311,1
1010,0,0,2003,34,214,1,3208,0,3879,1
1014,0,0,248203,118537,94577,0,32113,0,4908,1
1037,0,0,2495,22,141,0,3579,0,3335,1
1043,1,0,233,275,391,0,3206,0,2076,1
1093,1,1,149,3,0,0,127,0,3121,1
1111,1,0,1865,7,191,0,2445,0,4103,1
1135,1,0,2346,31,100,1,3269,0,4177,1
1142,1,0,420,0,20,0,420,0,1411,1
1154,0,0,2467,84,0,0,3498,0,3160,1
1159,1,0,307,1475,1814,0,238360,0,2318,1
1188,0,0,105,587,37,0,4645,0,1588,1
1212,0,0,1677,88,225,1,1578,0,3694,1
1235,1,0,32,27,15,0,246,0,1280,1
1250,0,1,2246,15,28,0,3056,0,3121,1
1265,1,0,0,1626,6,0,1903,0,1923,1
1269,0,0,3211,638,78,0,3004,0,3020,1
1271,0,0,2,114,1,0,5778,0,965,1
1287,1,0,1305,5,151,0,1925,0,2551,1
1330,1,0,1228,10,0,0,1229,0,1462,1
1348,1,0,2330,43,1842,0,3270,0,2963,1
1367,1,0,272,41,0,0,51,0,2754,1
1369,0,0,0,6986,1,0,19027,0,821,1
1393,0,0,2257,1562,0,0,9004,0,3037,1
1408,0,0,19,17,0,0,16350,0,685,1
1429,0,0,2543,226,739,1,9072,0,3621,1
1432,1,0,1999,427,0,0,5003,0,2926,1
1494,0,1,928,7,0,0,255,0,3710,1
1552,1,0,0,96,0,0,1533,0,751,1
1560,1,0,176,1,196,0,27,0,1511,1
1574,1,0,3219,37,0,0,3945,0,2431,1
1607,0,0,93,100674,27,0,53929,0,2431,1
1609,1,0,99,27,0,0,97,0,2786,1
1632,0,0,547,15,181,0,480,0,3465,1
1654,1,0,51,21,13,0,240,0,1291,1
1656,1,0,5403,74,779,0,3462,0,4193,1
1670,1,0,1684,5,346,0,2423,0,2109,1
1679,0,0,4,285,344,1,3255,0,4030,1
1688,1,0,1407,3,114,0,2146,0,2570,1
1702,1,0,1332,8,19,0,1332,0,1462,1
1774,1,0,45,28,0,0,397,0,1439,1
1793,0,0,6,9917,0,1,47673,0,3846,1
1800,0,0,470,75093,34985,1,42978,0,2674,1
1801,1,0,128,2,0,0,26,0,2027,1
1840,1,0,1,104,2,0,2610,0,1783,1
1845,0,0,1,7,2,0,180,0,986,1
1874,0,0,2438,33,86,0,631,0,4215,1
1884,1,0,20132,75,129,1,9942,0,1292,1
1888,1,0,786,14,139,0,1031,0,3007,1
1929,1,0,0,856,4566,0,3,0,1925,1
1935,1,0,26,30,13,0,135,0,1272,1
1937,1,0,7244,708,1043,0,19827,0,2374,1
1966,1,0,2404,43,121,0,3193,0,3234,1
1976,0,0,113,10,0,0,20,0,3223,1
1982,1,0,36,10,37,0,8,0,1553,1
1983,1,0,73,6,54,0,9,0,3222,1
1992,1,0,135,2,0,0,5,0,3032,1
2003,1,0,2244,35,0,0,3138,0,3351,1
2030,1,0,1037,71,83,1,1501,0,3811,1
2039,0,0,0,1310,46,0,836183,0,2317,1
2068,0,0,1062,9,126,1,1470,0,3505,1
2079,1,0,762,8,90,0,1600,0,2227,1
2096,0,0,1379,3,12,0,1878,0,4064,1
2098,1,0,47,79593,59456,0,62760,0,3186,1
2103,0,0,1404,43,107,0,2147,0,3591,1
2105,1,0,1220,47,98,0,1814,0,3493,1
2134,0,0,1084,4,72,0,1588,0,1184,1
2149,0,0,1565,3430,3163,1,1521,0,2935,1
2172,1,0,29,0,40,0,283,0,1273,1
2188,0,0,1986,59,297,0,2785,0,1675,1
2201,0,0,122194,538,658,1,8487,0,3674,1
2210,1,0,439,0,0,0,438,0,1145,1
2213,1,0,1251,1,25,1,1800,0,3229,1
2234,0,0,2254,325,0,0,4278,0,3843,1
2236,1,0,1332,7,33,0,1333,0,1446,1
2244,1,0,2326,50,0,0,3405,0,3124,1
2249,1,0,33,25,0,0,176,0,1270,1
2253,0,0,218,365,1,0,13834,0,1151,1
2266,1,0,782,77,779,0,197,0,2970,1
2280,1,0,13,0,0,0,139,0,1155,1
2281,1,0,90742,1278,1895,1,111161,0,2319,1
2318,0,0,2282,4,5,0,3275,0,1325,1
2347,0,0,2391,27,89,0,3448,0,3859,1
2348,0,0,14890,165305,439,1,237554,0,4138,1
2349,0,0,3261,155,0,0,8016,0,2960,1
2387,1,0,1225,24,0,0,1825,0,2765,1
2397,1,0,223,7,0,0,33,0,3505,1
2421,0,0,738,36684,185,1,141155,0,3328,1
2426,1,0,100,8,98,0,2,0,1663,1
2450,0,0,9065,3485,1089,1,227566,0,3815,1
2460,0,0,9927,6909,8045,1,19949,0,2475,1
2487,1,0,7322,158,118,1,14881,0,3152,1
2511,1,0,536,8,49,0,747,0,4066,1
2551,0,0,2396,319,0,0,5687,0,3363,1
2553,1,0,1228,105,0,0,1751,0,2757,1
2562,1,0,1398,21,527,1,2029,0,3868,1
2565,0,0,0,31,1,0,5027,0,1225,1
2583,1,0,6997,1020,1869,0,3988,0,2084,1
2609,0,0,2366,312,0,1,6478,0,3323,1
2619,1,0,209,9,0,0,48,0,2861,1
2637,1,0,1405,17,38,0,1995,0,4084,1
2640,1,0,1252,3,13,0,1787,0,2367,1
2642,1,0,1364,15,0,0,1459,0,1233,1
2646,1,0,528,6,0,1,850,0,3160,1
2647,0,0,2195,25,0,1,3585,0,3987,1
2662,1,0,861,2,10,0,1228,0,2806,1
2671,0,0,4152,132,0,0,12236,0,3089,1
2674,0,0,1470,20,0,0,2245,0,2150,1
2680,1,0,15,1,23,0,163,0,1233,1
2742,1,0,156,0,0,0,29,0,3789,1
2754,0,0,2342,50,0,0,3313,0,3282,1
2759,1,0,1424,300,601,1,5081,0,2015,1
2767,0,0,56965,430,351,1,59890,0,2290,1
2776,1,0,20,0,0,0,114,0,1155,1
2785,0,0,1037,10553,13052,0,769402,0,2245,1
2793,0,0,0,9,0,0,25102,0,1028,1
2806,1,0,38,693,466,0,145011,0,1749,1
2812,0,0,1618,20,4,0,1702,0,2961,1
2818,1,0,2253,1258,1820,1,19642,0,3878,1
2885,1,0,614,47,0,0,125,0,3506,1
2944,1,0,1469,203,366,0,2286,0,2638,1
2947,1,1,16,2,0,0,12,0,2876,1
2951,0,0,176,32,147,0,166,0,4354,1
2952,0,0,3252,535,1142,1,13518,0,1840,1
2998,0,0,2265,422,450,0,8663,0,3248,1
3012,1,0,1159,2,125,0,1690,0,1292,1
3021,1,0,1230,2,9,0,1854,0,1886,1
3044,1,0,145,0,0,0,8,0,2443,1
3046,1,0,63,12,110,0,15,0,2546,1
3047,1,0,1470,2281,1,0,101983,0,2154,1
3048,1,0,1030,2,0,0,1027,0,2308,1
3066,0,0,1113,6,0,0,1611,0,3921,1
3083,1,0,485,3,5,0,558,0,1463,1
3109,1,0,301,14,215,0,62,0,1855,1
3127,1,0,920,2,0,0,1311,0,3215,1
3132,0,0,998,2800039,374,0,203100,1,3844,1
3150,1,0,270,29,260,0,55,0,2915,1
3165,1,0,1389,13,0,0,2031,0,1293,1
3252,1,0,820,19,0,0,1161,0,1331,1
3263,1,0,1917,32,54,1,2756,0,3507,1
3297,0,0,1957,17,8,0,2635,0,4015,1
3319,1,0,445,1718,494,0,42527,0,1490,1
3343,0,0,7168,128,650,0,3240,0,2822,1
3346,1,0,4522,311,530,0,8167,0,2058,1
3377,0,0,73,124,0,1,7318,0,3119,1
3383,0,0,186,14,97,0,30,0,3317,1
3385,1,0,115,17,681,1,12,0,3370,1
3389,1,0,14,0,0,0,139,0,1155,1
3415,1,0,1265,0,28,1,291,0,3690,1
3417,0,0,2768,158,0,1,4299,0,3295,1
3419,0,0,1235,18,0,0,1828,0,3323,1
3461,1,0,137,375,746,0,276,0,3682,1
3465,1,0,257,34,263,0,393,0,3844,1
3470,1,0,1216,93528,79301,0,186929,0,2588,1
3476,0,0,9017,2596,1136,0,9939,0,2484,1
3509,0,0,7719,78299,43150,0,67900,0,3112,1
3521,0,0,3389,86,816,0,5692,0,3218,1
3621,0,0,6086,792,2849,1,4433,0,2078,1
3624,1,0,889,5,31,0,1355,0,2884,1
3629,1,1,1,3,0,0,2,0,2478,1
3642,0,0,33,1053,983,0,5361,0,3596,1
3662,1,0,1405,18,66,0,2060,0,3320,1
3680,1,0,1266,6,321,0,1837,0,3762,1
3681,1,0,0,0,0,0,186,0,664,1
3683,1,0,40,16,16,0,359,0,1287,1
3708,1,0,1796,4,0,0,2530,0,2732,1
3731,1,0,1332,7,38,0,1332,0,1446,1
3744,1,0,2318,14,0,0,3294,0,3353,1
3760,1,0,11,0,0,0,141,0,1232,1
3772,1,0,2170,24,0,0,3398,0,2773,1
3802,1,0,19,1,0,0,118,0,1232,1
3806,0,0,42,2,0,0,110,0,3022,1
3832,0,0,37,29,0,0,76,0,3112,1
3856,1,0,2185,45,55,0,2984,0,3313,1
3890,1,0,566,3,92,0,15,0,2613,1
3893,1,0,1235,7,0,0,1234,0,1463,1
3917,1,0,0,781,2444,0,125,0,1024,1
3924,1,0,1416,15,340,0,2147,0,2681,1
3953,0,0,1455,33,481,1,899,0,3476,1
3993,1,0,215,19,0,1,107,0,2631,1
4011,0,0,2184,33,81,1,4731,0,4128,1
4020,0,0,0,209,1,1,67887,0,1438,1
4046,0,0,2545,140,111,1,6057,0,3370,1
4090,1,0,1224,4,35,0,1777,0,3504,1
4096,1,0,1240,7,0,0,1241,0,1462,1
4111,1,0,346,0,21,0,346,0,1411,1
4121,0,0,1264,65,125,0,1737,0,2890,1
4134,1,0,1986,25,47,0,2822,0,3127,1
4158,1,0,10,0,0,0,125,0,1268,1
4172,0,0,8475,4438,4991,0,7057,0,2099,1
4176,1,0,4687,23,214,0,2012,0,3235,1
4197,1,0,2297,64,77,0,3161,0,4095,1
4208,1,0,10490,20,424,1,233,0,1700,1
4236,1,0,2231,52,56,0,3102,0,2107,1
4254,0,0,210,1021,978,1,7573,0,4057,1
4275,1,0,51,20,13,0,405,0,3520,1
4282,0,0,27262,1263,429,1,110658,0,3345,1
4309,0,0,2259,930,1313,0,3339,0,4570,1
4379,0,0,3,47,7,0,26008,0,1101,1
4403,1,0,346,8,30,0,347,0,1461,1
4426,0,0,2103,83,428,0,2363,0,3043,1
4466,1,0,54,0,0,0,243,0,1154,1
4477,1,0,1303,7,40,0,1940,0,3754,1
4482,1,0,860,651,6,0,2155,0,3475,1
4488,1,0,57,1,0,0,269,0,1155,1
4498,0,0,5000,83721,86415,1,165469,0,3444,1
4509,0,0,4594,320,422,1,2237,0,1960,1
4523,1,0,1233,2,0,1,1720,0,3589,1
4526,1,0,257,11,0,0,268,0,2959,1
4527,0,0,7894,87746,58227,1,35930,0,3411,1
4534,1,0,0,866345,0,1,165958,0,3110,1
4540,1,0,2366,45,0,1,3234,0,3537,1
4568,1,1,6397,31,14,0,4626,0,1258,1
4593,1,0,166,7,0,0,33,0,2545,1
4594,1,0,1275,4,28,0,1843,0,2940,1
4606,1,0,1260,2,7,0,1977,0,1932,1
4608,1,0,261,15,0,0,64,0,2835,1
4625,0,0,61970,104272,652,1,10843,0,2676,1
4633,1,0,1387,8,0,0,2009,0,2854,1
4647,1,0,1243,7,72,0,1823,0,3427,1
4660,0,0,2383,40,143,0,3558,0,3289,1
4688,1,1,52,0,0,0,64,0,2967,1
4693,0,0,3826,296,372,1,16503,0,3967,1
4704,1,0,0,70,1,0,9160,0,1682,1
4717,1,0,0,39,0,0,77,0,557,1
4742,1,0,482,18,0,1,667,0,3159,1
4744,1,0,232,3,0,0,345,0,2766,1
4785,1,0,20,0,53,0,181,0,1439,1
4797,0,0,23311,1051,1349,0,20303,0,1715,1
4804,1,0,2181,6,17,0,3018,0,3997,1
4836,1,0,2802,122,493,0,6083,0,4228,1
4842,0,0,0,65,203,0,2762,0,1390,1
4849,1,0,814,12,90,0,1209,0,3584,1
4860,1,0,1083,16,88,0,1470,0,1572,1
4867,1,0,2104,13,0,0,1351,0,2840,1
4885,0,0,2062,30,265,0,3008,0,3733,1
4916,1,0,1110,1,0,0,1647,0,4027,1
4920,0,0,635,28,50,0,832,0,4125,1
4955,0,0,0,3,0,0,3017,0,1082,1
4957,0,0,5150,40,181,1,3589,0,2791,1
4988,1,0,147,410,511,1,5954,0,3137,1
4992,1,0,742,0,0,0,1144,0,2916,1
4996,0,0,68,752,725,1,577744,0,3096,1
4998,0,0,6155,433,0,1,9730,0,3560,1
5091,1,0,1368,13,2,0,2049,0,3617,1
5094,1,0,598,2,0,0,936,0,2987,1
5098,1,0,43328,307,556,1,20084,0,1362,1
5119,1,0,2216,20,367,1,3161,0,3389,1
5126,1,0,6264,189,327,1,2132,0,2638,1
5127,1,1,0,0,1,0,463,0,1851,1
5132,1,0,1274,22,0,0,1832,0,1712,1
5137,1,0,2169,27,76,0,2593,0,3802,1
5163,1,0,1403,74,570,0,563,0,1245,1
5167,1,0,2100,30,28,0,2388,0,2231,1
5180,0,0,2488,87,0,0,3220,0,1560,1
5202,0,0,3390,75,648,0,4758,0,3100,1
5222,1,0,83,5,0,0,147,0,1429,1
5266,0,0,1623,17,0,0,2396,0,3913,1
5284,1,0,1189,18,66,1,1779,0,2024,1
5331,0,0,1645,21,0,0,2454,0,2913,1
5339,1,0,1747,14,40,0,3349,0,1751,1
5360,0,0,703,108,896,0,1012,0,4429,1
5377,1,0,2083,1,11,0,2944,0,3405,1
5424,1,0,1557,929,2144,1,17836,0,1946,1
5464,1,0,301,893,150,0,263291,0,2335,1
5484,1,0,563,214,182,0,4075,0,1880,1
5494,0,0,2,111,0,0,4906,0,1244,1
5503,1,0,1887,28,51,0,2695,0,2427,1
5510,0,0,2235,47,183,0,3606,0,3239,1
5546,1,0,151,3,104,0,31,0,1682,1
5547,0,0,1351,21,0,0,2076,0,4081,1
5552,1,0,1795,21,52,0,2196,0,3246,1
5570,1,0,17,0,0,0,177,0,1155,1
5612,1,1,0,778,1549,0,169479,0,3571,1
5655,0,0,1898,104,5,1,5213,0,3840,1
5680,0,0,32,233,1574,1,4706,0,3856,1
5688,1,0,1276,57,111,0,731,0,4013,1
5693,0,0,1534,45,222,0,2759,0,3915,1
5698,0,0,3765,34,0,1,4054,0,2494,1
5740,1,0,773,37,0,0,1015,0,4113,1
5744,1,0,1,4,10,0,50,0,1306,1
5761,1,0,1956,13,58,1,2675,0,2345,1
5766,1,1,6,7,140,1,1110,0,2085,1
5777,1,0,74,54,657,0,161,0,3726,1
5780,0,0,272,12,0,0,289,0,2995,1
5783,1,0,1421,14,23,0,2035,0,4067,1
5804,1,0,2391,23,330,0,3073,0,3178,1
5823,0,0,0,1532,3,0,3773,0,1910,1
5833,0,0,1057,17,77,0,1265,0,4152,1
5851,1,0,801,8,24,0,1037,0,3464,1
5867,0,0,27,92593,16747,0,67195,0,3658,1
5899,0,0,275,1671,11,0,662,0,906,1
5922,1,0,17,1,0,0,156,0,1232,1
5933,1,0,2053,52,193,0,3192,0,2457,1
5953,1,0,1235,4,12,0,1791,0,1252,1
5960,1,0,15,0,0,0,137,0,1155,1
5969,1,0,1349,0,0,0,1350,0,1234,1
5980,1,0,53,0,0,0,411,0,1159,1
5997,1,0,0,1090,1,0,217951,0,1668,1
6026,0,0,134,111585,12,0,241,0,1841,1
6038,1,1,5,13,0,0,12,0,3109,1
6050,0,0,315,115,0,0,829,0,849,1
6069,0,0,2041,81,25,0,3232,0,3114,1
6070,0,0,2467,13,0,0,3467,0,3436,1
6074,1,0,1332,11,11,0,1332,0,1462,1
6106,1,0,1212,18,52,0,1739,0,2460,1
6122,1,0,1332,9,31,0,1332,0,1446,1
6197,1,0,1231,13,0,0,1232,0,1462,1
6240,1,0,12,0,0,0,156,0,1232,1
6272,0,0,6488,42011,36502,1,56387,0,4892,1
6280,0,0,1075,33,80,0,1604,0,3630,1
6285,0,0,233,25,0,0,51,0,3127,1
6303,1,0,1288,4,11,0,1818,0,3303,1
6305,1,0,740,14,12,1,1026,0,3223,1
6325,1,0,1004,39,227,0,1459,0,3308,1
6333,1,0,1034,5,0,0,1472,0,3063,1
6343,1,0,2190,1,115,0,2198,0,2875,1
6362,1,0,2946,23,120,0,3168,0,1926,1
6364,1,0,1843,11,0,0,2707,0,3428,1
6372,1,0,611,6,0,1,907,0,3173,1
6388,1,0,33,24,0,0,228,0,1271,1
6425,1,0,1387,1,3,0,2065,0,3240,1
6438,1,0,375,26,75,0,604,0,4031,1
6461,0,0,8,207626,254584,1,6056,0,3910,1
6500,0,0,442,3,22,0,672,0,3283,1
6548,0,0,1101,1776,1001,0,9328,0,3450,1
6551,0,0,1,5,0,0,6841,0,908,1
6588,1,0,1405,6,24,0,2051,0,3904,1
6601,1,0,799,12,134,0,1113,0,1280,1
6602,0,0,296,38,366,0,48,0,2565,1
6650,0,0,993,12,38,0,1374,0,1321,1
6685,1,0,1114,11,31,1,1677,0,2222,1
6738,0,0,2872,179,0,1,3499,0,3229,1
6778,0,0,7109,57,395,0,2940,0,2975,1
6779,1,0,2144,17,52,0,3109,0,2983,1
6802,1,0,1862,24,0,0,2531,0,2026,1
6808,0,0,806,15,196,0,1267,0,4184,1
6815,1,0,1737,7,33,1,2235,0,3123,1
6828,1,0,0,1093,0,0,10910,0,1419,1
6837,0,0,665,78,0,0,885,0,3427,1
6839,0,0,0,163,230,0,1480,0,3866,1
6858,0,0,480,885,1818,0,84495,0,1989,1
6866,1,0,799,7,0,1,1262,0,2642,1
6886,0,0,2000,33,0,1,2986,0,3071,1
6921,0,0,1840,53,265,0,2588,0,4021,1
6941,1,0,1004,46,136,0,1474,0,3126,1
6976,0,0,16660,1463,284,1,106362,0,1941,1
6979,1,0,2160,30,152,1,2924,0,4164,1
6991,1,0,22,11,108,0,8,0,985,1
6998,0,0,2119,33,130,0,3123,0,3733,1
7039,0,0,2394,16,0,0,3384,0,2953,1
7053,1,1,22,4,0,0,29,0,3388,1
7095,0,0,2300,210250,1454,1,30088,0,4210,1
7131,1,0,2224,20,37,0,4576,0,3349,1
7168,0,0,2,183,1209,0,646,0,2203,1
7193,0,0,11793,6297,271,1,38765,0,3131,1
7203,1,0,129,11,0,0,65,0,2382,1
7216,1,0,133,0,0,0,267,0,1208,1
7248,1,1,15,4,852,0,107,0,2795,1
7259,0,0,8062,447,699,1,7017,0,2906,1
7305,0,0,2131,13,753,1,3720,0,3713,1
7318,0,0,116,69524,73307,0,17163,0,2358,1
7327,0,0,6445,929,1117,1,353803,0,3602,1
7331,0,0,907,970910,306,1,55926,0,4317,1
7347,0,0,2129,359,9,0,17363,0,4227,1
7359,1,0,1226,9,0,0,1226,0,1463,1
7430,0,0,2558,497,970,0,12070,0,3892,1
7434,1,0,346,0,21,0,346,0,1411,1
7447,1,0,1069,4,24,0,1530,0,3806,1
7449,0,0,1724,20,55,0,2195,0,3783,1
7456,0,0,2221,12,25,0,3022,0,2843,1
7465,1,0,976,31,394,0,894,0,3692,1
7471,1,0,158,8,44,0,82,0,3268,1
7520,0,0,73,3,0,0,18,0,3192,1
7536,1,0,137,10,0,0,37,0,3743,1
7540,1,0,104,4,0,0,37,0,2812,1
7551,1,0,0,6,0,0,6254,0,784,1
7563,1,0,1325,6,7,0,1905,0,3746,1
7579,1,0,5497,2217,600,1,67083,0,1859,1
7600,0,0,22,979,696,0,117936,0,2340,1
7617,0,0,8,1223,1013,0,24672,0,3006,1
7697,1,0,5818,214,6,0,19417,0,4169,1
7698,0,0,1,328,10,0,11270,0,2326,1
7706,0,0,870,12,165,0,1159,0,3537,1
7738,1,0,998,151,46,1,2114,0,2040,1
7756,0,0,2826,70,72,1,4914,0,4023,1
7781,0,0,37,126,92,0,33247,0,1723,1
7806,1,0,975,12,119,0,1520,0,3085,1
7808,0,0,379,46925,5060,0,19395,1,4133,1
7823,1,0,1037,1,2,0,1580,0,3701,1
7863,0,0,2071,179,0,0,15490,0,3984,1
7887,1,0,4209,488,1058,1,6037,0,2017,1
7906,1,0,414,9,0,0,65,0,3000,1
7914,0,0,3719,226,951,1,235,0,3145,1
7993,1,0,49,1,0,0,305,0,1159,1
8010,1,0,1266,5,16,1,1945,0,3239,1
8015,1,0,156,57,186,0,49,0,2760,1
8025,0,0,1708,1828,3483,0,9260,0,3390,1
8042,1,0,18,58,214,1,41,0,3617,1
8048,1,0,2290,59,222,1,3343,0,3952,1
8089,0,0,180,141,211,0,383,0,3991,1
8097,1,0,1353,18,127,0,1928,0,1699,1
8100,0,0,0,56,2,0,5251,0,916,1
8128,0,0,81,749,0,1,39220,0,3246,1
8129,1,0,2155,7,0,0,3027,0,3021,1
8148,1,0,529,7,38,0,466,0,3267,1
8197,0,0,3118,211,254,1,6665,0,3735,1
8233,0,0,491,17,10,0,242,0,1375,1
8246,1,0,387,15,96,0,540,0,2934,1
8266,1,0,1637,5,0,0,2297,0,2707,1
8292,1,0,5808,6,508,0,12,0,2296,1
8329,1,0,1517,21,51,0,2179,0,2971,1
8351,1,0,1454,6,0,0,2008,0,3049,1
8352,1,0,2140,74,24,0,3127,0,1358,1
8361,1,0,891,7,19,0,1254,0,3481,1
8369,1,0,167,7,144,0,47,0,3365,1
8385,1,0,217,197,903,0,241,0,947,1
8403,0,0,457,17,6,0,1,0,1399,1
8419,1,0,1874,8,0,0,2160,0,1905,1
8420,1,0,288,36,29,0,42,0,3538,1
8479,0,0,0,209,0,0,6350,0,784,1
8496,0,0,2390,23,0,0,3487,0,4422,1
8500,1,0,1308,6,18,0,2041,0,2559,1
8511,1,0,71,75,58,1,2219,0,2493,1
8520,1,0,304,12,0,0,58,0,3307,1
8523,1,0,2375,67,285,1,3671,0,3912,1
8585,1,0,44,0,0,0,246,0,1155,1
8620,0,0,1020,9,0,1,1461,0,4120,1
8661,0,0,1286,8,0,0,1388,0,2288,1
8668,0,0,2307,255,772,1,4717,0,4494,1
8672,1,0,146,3,161,0,11,0,2846,1
8675,0,0,1369,7,0,0,2033,0,3820,1
8703,1,0,1519,13,17,0,2174,0,4139,1
8734,0,0,13392,76259,79346,0,73028,0,2765,1
8735,0,0,826,15,58,0,1314,0,2874,1
8764,1,0,323,15,0,0,52,0,2798,1
8782,0,0,1436,5,9,0,1842,0,3113,1
8786,1,0,1632,67,0,0,2374,0,2514,1
8798,0,0,2473,245,0,0,4664,0,3128,1
8803,0,0,353,715,1772,0,1306,0,3309,1
8824,0,0,612,5,102,0,839,0,2353,1
8846,0,0,2496,16,0,0,3493,0,3417,1
8877,1,0,363,15,0,0,64,0,3186,1
8924,0,0,8678,267192,1553,1,615640,1,3644,1
8939,0,0,6878,6108,4525,1,5466,0,1992,1
8940,0,0,0,19,11,0,2674,0,826,1
8950,1,0,21,1,0,0,415,0,1270,1
8993,0,0,2802,71,0,1,7384,0,3975,1
9065,1,0,2984,57,0,1,3502,0,3288,1
9089,0,0,9,362,234,0,2556,0,1521,1
9096,1,0,635,13,0,0,635,0,1463,1
9113,1,0,2336,4,3,0,3165,0,4100,1
9127,1,0,1218,17,48,0,1716,0,2455,1
9156,1,0,1943,21,57,0,1585,0,2074,1
9214,1,0,2222,6,0,0,3079,0,1416,1
9249,1,0,14,0,0,0,157,0,1155,1
9252,0,0,8083,51428,60365,0,3157,0,1380,1
9272,0,0,2392,47,270,0,3457,0,4239,1
9355,1,0,174,30,71,0,1979,0,2015,1
9363,1,0,1751,0,102,0,1783,0,2875,1
9370,1,0,125,22,137,0,42,0,3560,1
9373,1,0,104,11,0,0,24,0,2908,1
9426,0,0,4,14525,4,0,38484,0,1630,1
9449,1,0,1803,12,27,1,2206,0,2875,1
9451,1,0,366,5,0,1,568,0,3720,1
9481,0,0,2658,143,0,0,4430,0,2738,1
9490,0,0,2313,8,16,0,3192,0,4133,1
9496,1,0,500,35,0,0,166,0,2079,1
9527,0,0,1335,175684,1798,1,155921,1,4150,1
9540,1,0,230,36,537,0,25,0,3303,1
9555,0,0,12934,886058,1809,1,25573,1,4174,1
9578,1,0,787,12,27,0,1113,0,1745,1
9581,0,0,27652,537,1184,1,90454,0,2125,1
9584,0,0,417,25988,36159,1,46086,0,3408,1
9594,1,0,1677,64,42,0,2267,0,3308,1
9635,1,0,2216,15,0,0,2916,0,2891,1
9650,0,0,57,9,0,0,427,0,2391,1
9662,1,0,121,1,9,0,267,0,1839,1
9680,0,0,17880,959,1438,0,334563,0,3854,1
9725,0,0,3,690,46,0,7436,0,1752,1
9774,1,0,2168,31,95,0,2941,0,2665,1
9782,1,0,28459,452,3494,1,7614,0,2666,1
9823,1,0,3,10,14,0,1569,0,3059,1
9830,1,0,265,2,0,0,363,0,2459,1
9838,1,0,1008,55,613,0,230,0,1987,1
9850,1,0,89,137,57,1,336,0,1803,1
9891,1,0,236,4,0,0,39,0,3360,1
9908,1,0,888,2,0,1,1270,0,2414,1
9935,1,0,23,0,41,0,309,0,1289,1
9941,0,0,3937,165554,149288,1,647133,0,4141,1
9953,0,0,1225,18,79,0,1182,0,3207,1
9956,1,0,2071,14,0,0,3003,0,2971,1
10016,0,0,34,116166,0,0,21615,1,4147,1
10056,1,0,1088,112,0,0,203,0,3908,1
10078,1,0,362,56,48,0,296,0,1828,1
10081,1,0,49,0,0,0,315,0,1155,1
10093,1,0,593,2,0,0,859,0,3363,1
10109,0,1,241,17,271,0,1449,0,2916,1
10112,0,0,2115,119,154,1,2400,0,4561,1
10114,0,0,2050,384,269,0,30399,0,3799,1
10122,0,0,3,865,0,1,262383,0,3512,1
10125,1,0,1910,3,0,0,2680,0,2424,1
10155,1,0,1332,11,30,0,1331,0,1463,1
10158,1,0,2652,26,31,0,2249,0,1765,1
10165,1,0,5,0,51,0,181,0,1273,1
10182,1,0,1895,39,27,1,2663,0,2888,1
10192,1,0,1202,6,16,0,1679,0,3408,1
10222,1,0,1392,8,137,0,2104,0,1372,1
10224,1,0,1179,7,37,0,1771,0,2656,1
10226,1,0,3781,322,971,0,5901,0,2075,1
10329,1,0,283,14,0,0,382,0,1077,1
10355,1,0,24,0,0,0,173,0,1155,1
10363,1,0,1940,105,343,0,3153,0,3804,1
10366,1,0,1897,68,164,1,2733,0,2760,1
10378,1,0,1067,5,178,1,1563,0,3383,1
10402,1,0,2313,15,0,0,3209,0,2859,1
10471,0,0,432,36,0,0,66,0,2640,1
10526,0,0,149,24943023,129,0,224681,1,4847,1
10527,1,0,51,152,490,0,1235,0,3464,1
10529,1,0,1626,15,0,0,2376,0,3087,1
10532,0,0,1232,14,105,0,389,0,3409,1
10553,1,0,76,52,317,0,90,0,3073,1
10556,1,0,1,110,54,1,1482,0,1726,1
10570,1,0,4450,104,378,1,1977,0,1541,1
10574,0,0,875,4,1,0,1253,0,3396,1
10578,1,0,8,132,200,1,674,0,2055,1
10596,0,0,7274,1462399,51425,1,347563,1,3991,1
10651,1,0,2335,9,0,0,3285,0,2568,1
10658,0,0,2730,283,247,1,16008,0,4096,1
10668,0,0,14260,754238,795058,0,234350,0,3490,1
10696,0,0,708,12,107,1,856,0,1305,1
10697,1,0,118,4,0,0,25,0,4137,1
10737,1,0,209,299,403,0,3051,0,2076,1
10769,1,0,2330,217,226,0,3525,0,2225,1
10801,0,0,532,25,0,1,728,0,3627,1
10813,1,0,483,21,0,0,124,0,2516,1
10818,1,0,2366,56,0,0,3212,0,2410,1
10824,0,0,89,3,0,0,137,0,3424,1
10848,1,0,19,0,0,0,136,0,1155,1
10849,1,0,69421,586,900,0,127298,0,2326,1
10872,1,0,281,19,0,0,53,0,2414,1
10896,1,0,553,5,493,0,51,0,1203,1
10912,1,0,105,10,136,0,22,0,2864,1
10930,1,0,2364,9,108,0,2832,0,2986,1
10932,0,0,2978,834,1287,1,15538,0,3335,1
10945,1,0,22,2,23,0,190,0,1231,1
10980,0,0,2654,653,767,1,17823,0,3018,1
10989,0,0,2147,72,137,0,3328,0,3288,1
11008,0,0,10179,87893,3366,0,67097,0,4560,1
11023,1,0,1332,12,32,0,1332,0,1446,1
11084,1,0,1103,151,644,1,1615,0,4117,1
11150,1,0,396,21,18,0,103,0,2526,1
11199,1,0,6689,259,479,1,7428,0,3166,1
11222,0,0,2396,15,0,0,3407,0,3610,1
11241,1,0,41,0,0,0,182,0,1158,1
11278,1,0,3512,166,487,0,7114,0,1751,1
11297,0,0,2366,206,0,1,3836,0,2973,1
11311,0,0,2409,35,0,1,3225,0,3592,1
11333,1,0,1890,8,0,0,2733,0,3244,1
11357,0,0,1817,18,32,1,2579,0,4140,1
11358,1,0,983,14,886,0,1547,0,3251,1
11364,1,0,2095,90,370,1,1135,0,2939,1
11383,0,0,1954,22,46,0,2698,0,4017,1
11388,0,0,7,946,1958,0,17506,0,4245,1
11394,1,0,2291,59,1520,0,354,0,4172,1
11417,0,0,2421,9,40,1,3216,0,3092,1
11421,0,0,860,13,87,0,1267,0,3666,1
11474,1,0,1283,6,0,0,1916,0,3811,1
11479,0,0,7073,157,0,1,7812,0,3243,1
11550,0,0,0,19704101,43,0,147626,1,4180,1
11553,1,0,415,14,0,0,65,0,2254,1
11581,1,0,19,0,0,0,116,0,1153,1
11600,1,0,0,52,2,0,1602,0,1310,1
11605,1,0,4795,138,51,0,5472,0,1838,1
11613,1,0,2309,8,0,0,3389,0,2919,1
11618,0,0,0,22,0,0,11253,0,1454,1
11625,1,0,2518,33,252,0,3583,0,4131,1
11640,0,0,7683,303,411,0,8862,0,3117,1
11667,0,0,208,10872,10462,0,2081,0,1032,1
11688,1,0,1952,7,0,0,2606,0,1247,1
11689,1,0,1047,10,189,0,568,0,1248,1
11719,1,0,940,8,15,0,1437,0,1769,1
11785,1,0,1097,115,196,1,2576,0,1960,1
11788,1,0,3995,463,389,0,21227,0,3156,1
11833,1,0,2481,36,0,0,3266,0,3857,1
11859,1,0,1338,13,24,0,1780,0,2471,1
11864,1,0,22,1,0,0,209,0,1153,1
11876,1,0,178,9,0,0,49,0,3489,1
11895,0,0,2,2134984,117,0,113207,1,3916,1
11920,0,0,38,649,73,0,13560,0,2875,1
11928,1,0,1331,21,0,0,2086,0,1787,1
11957,1,0,174,85,0,0,422,0,3139,1
11974,1,0,49,1,44,0,29,0,2244,1
11996,0,0,19256,116,127,0,3276,0,2444,1
12008,1,1,10,7,0,0,13,0,3049,1
12018,1,0,162,38,201,0,2075,0,2111,1
12021,1,0,428,17,0,0,87,0,3287,1
12036,1,0,186,2,0,0,33,0,2620,1
12046,0,0,143,152,0,0,2800,0,2785,1
12078,0,0,1522,24,100,0,2237,0,3340,1
12095,1,0,1653,23,0,0,2402,0,3138,1
12114,1,0,416,48,329,0,137,0,4034,1
12116,1,0,30,0,0,0,111,0,1146,1
12122,0,0,8150,583,909,1,15159,0,3001,1
12125,1,0,500,23,0,0,78,0,3689,1
12132,1,0,2142,9,0,0,2996,0,2924,1
12139,0,0,1264,15,0,0,1848,0,4397,1
12145,0,0,4495,110540,952,0,13740,1,4215,1
12162,0,0,2523,25,74,1,2739,0,1871,1
12241,1,0,1169,8,24,0,292,0,3767,1
12262,1,0,128,1,8,1,36,0,1354,1
12285,0,0,3052,610,1504,0,4171,0,4152,1
12297,1,0,711,36,402,1,1069,0,4095,1
12328,1,0,14127,115,248,0,11324,0,1364,1
12340,0,0,1318,3241,1153,0,28531,0,3412,1
12410,1,0,970,19,0,1,1418,0,4177,1
12447,1,0,171,249184,984,0,26368,0,3085,0
12452,0,0,2554,387,328,0,27929,0,4031,0
12454,0,0,16011,157466,1031,1,33820,1,4193,0
12489,0,0,148,168610,85,1,8563,0,3118,0
12565,0,0,15559,19985,1098,1,6200,0,4487,0
12581,0,0,221,449106,1111,1,3991,1,3674,0
12586,1,0,3123,338,986,1,2842,0,2318,0
12592,1,0,28751,200,314,1,2465,0,1649,0
12615,1,0,16,1038871,242,0,7199,0,3505,0
12646,1,0,34701,52336,1188,1,16157,0,3875,0
12657,0,0,5831,1563,1912,1,41857,0,4464,0
12674,0,0,2457,288,439,1,45754,0,3452,0
12682,0,0,66702,829,1865,1,38332,0,4592,0
12690,1,0,1246,51,871,0,1111,0,1835,0
12704,0,0,7125,180,588,1,2584,0,4125,0
12724,1,0,1786,134,383,0,570,0,1848,0
12751,1,0,3025,111,521,0,7174,0,4506,0
12752,1,0,2183,636,949,1,13314,0,3066,0
12765,0,0,3302,1289138,664,1,26842,1,3374,0
12799,0,0,4901,1339449,74,1,4043,1,3145,0
12816,0,0,2278,1076,873,1,6454,1,3433,0
12829,0,0,67,2793744,750,0,10010,1,4187,0
12836,0,0,50831,884,1500,0,29221,0,3631,0
12860,1,0,2214,26714,4501,1,1378,0,3500,0
12867,0,0,218,115,0,1,1758,0,4167,0
12869,0,0,5960,110,100,1,19641,0,4084,0
12875,0,0,47942,3538,1110,1,36144,1,4191,0
12876,0,0,7131,779,0,1,53562,0,2424,0
12894,0,0,15258,2487,509,1,21850,0,2018,0
12920,1,0,612,449,2113,0,17678,0,3439,0
12943,0,0,16262,7399831,30,1,14127,1,2590,0
12960,0,0,13904,2924,4961,0,16299,0,1401,0
12961,0,0,4755,47,352,0,2634,0,919,0
12985,0,0,3724,2484925,34,0,819,1,3447,0
12988,1,0,17796,405,453,1,32900,0,3025,0
13038,1,0,2106,727,4140,1,1993,0,3196,0
13060,1,0,3,37,0,1,1526,0,3472,0
13093,0,0,4712,1085652,95,1,12798,1,4081,0
13099,1,0,58987,121,420,1,7857,0,2230,0
13115,1,0,73,1,0,0,169,0,1445,0
13129,0,0,6315,248,125,0,4901,0,3167,0
13170,0,0,2169,1907,931,1,31945,0,3296,0
13222,0,0,65411,635,1212,1,7353,0,3049,0
13224,1,0,115,92306,12899,1,2925,0,2865,0
13236,0,0,607,71587,62588,0,38014,0,3741,0
13237,1,0,143,0,0,0,290,0,1445,0
13239,1,0,2013,51,635,0,347,0,2270,0
13266,0,0,11,21,0,0,159,0,3528,0
13272,0,0,16507,17405,256,1,36693,1,4375,0
13290,1,0,52029,510,539,1,21526,0,2897,0
13293,0,0,230,47,420,0,4347,0,4156,0
13314,0,0,18260,1485,468,1,13550,0,3568,0
13332,0,0,5658,888,840,1,3087,0,4019,0
13353,1,0,2264,922554,2863,1,193579,1,3786,0
13368,0,0,22499,3427,168,1,41089,0,3714,0
13404,0,0,29884,405322,3639,1,135082,1,4230,0
13406,1,0,3851,612312,325,0,5945,0,3739,0
13441,1,0,17539,54361,48819,1,7994,0,3490,0
13462,0,0,3138,169640,73709,1,150995,1,4789,0
13486,1,1,1999,21,26,0,2108,0,2582,0
13487,0,0,2148,878,717,1,5788,0,4013,0
13488,1,0,1969,537,2049,0,1922,0,3359,0
13567,0,0,670,55,506,0,1042,0,3383,0
13606,0,0,2563,331265,4368,1,201909,1,4199,0
13623,0,0,893,2111749,537,0,11977,1,4090,0
13629,0,0,293,157,782,1,1734,0,4835,0
13649,1,0,4622,185,200,0,589,0,2547,0
13676,1,0,6845,667,514,1,3984,0,2322,0
13691,1,0,1855,693,2783,0,3249,0,3544,0
13715,0,0,1449,166,1479,0,3091,0,3318,0
13772,0,0,241,1582622,159,1,7283,0,3544,0
13818,1,0,119941,1527,696,1,61574,0,2120,0
13821,0,0,7128,108868,477,0,36096,1,3925,0
13828,0,0,1229,1172011,439,1,12931,1,3293,0
13830,1,0,1820,804,2661,1,53842,0,2645,0
13876,1,0,13926,508,435,1,6685,0,1602,0
13910,0,0,1814,275,88,1,3180,0,1937,0
13963,0,0,16,12120,189,0,100621,1,4225,0
13970,1,0,84705,3480,3482,0,19085,0,1377,0
13978,1,0,510,42,157,0,714,0,3481,0
13982,1,0,1819,201,281,1,981,0,1019,0
13985,1,0,1188,25959,106,0,25377,0,1336,0
13994,0,0,16039,128,476,1,2228,0,2314,0
14006,0,0,533,2946120,235,0,2572,1,3498,0
14021,0,0,5313,1843,817,1,78077,0,3213,0
14032,0,0,39909,2392922,723,0,5544,1,4193,0
14040,1,0,83,8,0,0,188,0,1445,0
14056,1,0,2203,977,1705,1,4184,0,2230,0
14061,1,0,1683,749,775,1,3300,0,1187,0
14065,0,0,71207,4138,1250,1,42684,0,3279,0
14077,0,0,720,132,509,0,2591,0,4212,0
14098,0,0,1215,603,1228,1,103286,0,4177,0
14125,0,0,4,7217316,12083,0,6980,1,4167,0
14127,0,0,1669,6667,1520,1,6978,1,3675,0
14153,0,0,11478,289,283,0,5665,0,3373,0
14191,1,0,128,1,0,0,282,0,1445,0
14193,0,0,1463,200,0,0,2399,0,3295,0
14195,1,0,23571,187,250,0,16545,0,2193,0
14240,0,0,71731,184,237,0,6317,0,1593,0
14242,0,0,787,339,883,1,3471,0,3994,0
14249,0,0,1937,246,2428,0,889,0,1099,0
14259,0,0,7077,389,282,1,12859,0,2356,0
14281,0,0,4947,884594,1200,0,20690,1,3267,0
14285,1,0,367,1,0,0,746,0,1272,0
14287,0,0,2328,231,325,0,9816,0,3080,0
14338,0,0,1017,165321,239,0,3014,1,4090,0
14363,0,0,17555,127919,1239,1,11693,1,4134,0
14364,0,0,8142,583,156,1,8537,0,3633,0
14365,1,0,21291,921,2211,1,13538,0,3695,0
14404,0,0,12053,5203,1318,1,40165,0,4286,0
14444,0,0,9403,17338,3063,1,35043,1,4162,0
14445,1,0,25653,62575,4224,1,4195,0,3218,0
14457,0,0,41,114546,197,1,2000,0,3689,0
14459,1,1,22,1,0,0,179,0,1966,0
14460,1,0,2374,511,129,0,5796,0,3304,0
14471,0,0,1748,252,279,0,28373,0,2649,0
14474,0,0,3588,430,672,1,1620,0,4414,0
14482,1,0,7174,1626,1497,0,6751,0,4395,0
14483,1,0,30725,286,178,0,34761,0,2686,0
14489,0,0,14377,556,1303,1,52206,0,3079,0
14499,0,0,17961,532,278,0,4933,0,3777,0
14514,0,0,1240,29,155,0,31052,0,3306,0
14570,0,0,1441,31,17,1,2464,0,2948,0
14580,0,0,19503,349409,796,1,13933,1,4139,0
14590,0,0,6688,232,649,1,2954,0,2478,0
14653,0,0,30666,535,252,0,12918,0,1134,0
14654,0,0,2789,25633,928,0,7045,1,4171,0
14658,1,0,139,0,0,0,286,0,1444,0
14683,0,0,2505,61687,0,1,216,1,1567,0
14688,0,0,62338,2598,3488,1,36915,0,2347,0
14693,1,0,1707,163,286,0,232,0,3332,0
14698,0,0,38635,246,375,1,9638,0,4438,0
14703,1,0,87591,16957,8457,1,241416,0,2872,0
14720,1,0,2,2,20,0,8,0,1741,0
14871,1,0,853,294,2612,1,1323,0,4138,0
14883,0,0,36305,33365,1629,0,43261,1,4108,0
14889,1,0,51,0,0,0,92,0,1377,0
14921,1,0,2090,108,306,0,1668,0,4150,0
14928,1,0,51,1649939,259,0,6876,1,3774,0
14963,1,0,5681,108,247,0,1427,0,2160,0
14988,1,0,274,19,105,0,33,0,2169,0
14994,0,0,3598,109,364,1,2430,0,2648,0
15031,0,0,4643,26,201,1,275,0,4061,0
15035,1,0,372,1,0,0,775,0,1424,0
15037,0,0,60411,2759,4909,1,22412,0,3241,0
15054,0,0,8633,3248,224,0,4179,1,3680,0
15064,0,0,2931,126,119,0,4383,0,3905,0
15072,0,0,23017,129633,2627,1,58506,1,3474,0
15088,0,0,1587,24441,633,1,52828,0,4179,0
15095,1,0,54,212,0,0,534,0,1720,0
15097,1,0,47041,1220,1627,0,24827,0,801,0
15107,0,1,31,87053,0,1,16429,1,3848,0
15113,0,0,14,597061,144,1,3060,1,3865,0
15117,0,0,7809,634,596,1,3095,0,4138,0
15158,1,0,16,23,0,1,407,0,3282,0
15159,1,0,263,597,168,0,802,0,3900,0
15212,0,0,64697,3275,2320,1,172719,0,3486,0
15221,0,0,3294,410599,790,1,36945,1,3944,0
15228,0,0,2260,831924,163,1,1570,1,2708,0
15243,1,0,7353,2531,2350,0,95357,0,3146,0
15267,1,0,922,320858,45,1,52247,1,4154,0
15268,1,0,14556,13978,328,0,10478,1,3351,0
15298,0,0,14692,192138,13445,1,45705,1,3077,0
15305,1,0,110057,1105,780,1,107905,0,3092,0
15342,1,0,58,0,0,0,154,0,1263,0
15359,0,0,5,77,0,1,316,0,3658,0
15362,0,0,44,150,0,0,5286,0,3526,0
15381,0,0,16655,72025,340,1,156,1,4461,0
15395,1,0,124,0,0,0,218,0,1118,0
15414,0,0,4238,153039,3988,1,7168,1,3912,0
15417,0,0,78,54209,66,1,7902,1,3399,0
15451,1,0,60518,621,520,1,54553,0,1908,0
15465,0,0,127199,942,621,1,64224,0,1852,0
15468,1,1,4,14,0,0,7803,0,3343,0
15482,1,0,3752,48,97,0,2311,0,1998,0
15489,0,0,23697,645916,1612,1,86915,1,3480,0
15507,0,0,146317,3150,201,0,124965,0,2794,0
15520,1,0,476,919856,229,0,1704,1,2923,0
15526,0,0,10865,377,1225,1,13378,0,4145,0
15533,0,0,18823,520,128,0,11219,0,4138,0
15580,0,0,4526,1067631,350,1,5835,1,3861,0
15606,0,0,2804,3760,4808,1,8584,1,3460,0
15621,1,0,56330,433,1480,1,47221,0,3601,0
15636,1,0,11291,52,225,0,1696,0,2352,0
15666,1,0,47809,415,5001,1,12994,0,1884,0
15674,0,0,10,24,0,0,238,0,2897,0
15685,0,0,2693,251979,336,0,6103,1,4191,0
15746,0,0,1180,5771,164,0,2993,0,2247,0
15750,0,0,2896,486,197,1,31722,0,3418,0
15762,0,0,209,157,608,1,236,0,805,0
15803,0,0,65492,32333,2080,1,41090,1,4084,0
15817,0,0,6574,64,83,0,3925,0,3238,0
15854,1,1,4,2,108,0,2,0,974,0
15856,0,0,9635,1507,1748,1,10438,0,2402,0
15875,1,0,790,1453937,913,1,70198,1,3483,0
15886,1,0,0,652,669,0,2440,0,3890,0
15922,0,0,760,124,216,1,169,0,2596,0
15935,1,0,62,1,0,0,136,0,1444,0
15936,1,0,26247,294,214,1,5596,0,2353,0
15948,0,0,5230,1233506,810,1,3942,1,3994,0
15968,1,0,41250,685,1205,1,23747,0,2940,0
15984,0,0,39,896121,93,0,1498,1,3480,0
15991,1,0,21406,204,348,0,6392,0,3267,0
16013,0,0,19448,2457,415,1,17091,0,3020,0
16039,0,0,43010,3296,2241,1,92031,1,4160,0
16060,0,0,9138,117264,684,1,113911,1,4026,0
16064,0,0,19,261,180,0,2988,0,2768,0
16067,0,0,15380,432,419,1,8924,0,4460,0
16093,1,0,9173,281913,2775,1,157936,1,3652,0
16101,0,0,343,511,849,0,411,0,2000,0
16103,0,0,2911,4651777,381,1,9316,1,4043,0
16116,1,0,829,7,65,0,185,0,1087,0
16124,0,0,276,109,410,1,5700,0,3693,0
16144,0,0,9448,6988,1838,1,22634,1,4159,0
16148,0,0,4243,461166,120068,0,6104,1,4086,0
16183,1,0,47426,1668,201,0,23252,0,961,0
16191,1,0,34291,752196,152,0,48293,0,3325,0
16247,1,0,73,18366060,129,1,1562,1,2935,0
16259,0,0,267,8757984,8,1,4803,1,2955,0
16268,0,0,32,44,369,1,95,0,663,0
16274,0,0,96737,14006,1592,1,69960,1,4149,0
16279,1,0,8325,338,595,1,3467,0,2976,0
16284,0,0,116926,1822,2492,1,38793,0,4412,0
16294,0,0,13597,272378,13,1,5231,0,4097,0
16337,0,0,2823,11782,13475,1,8101,0,4170,0
16358,0,0,1434,324205,1615,1,63280,0,4073,0
16383,0,0,5255,1887,1506,0,96923,0,4052,0
16406,0,0,182,270999,775,0,4832,1,4171,0
16407,0,0,11719,399,360,1,4824,0,1266,0
16421,0,0,1277,13,59,1,1946,0,3891,0
16426,0,0,599,5392627,730,0,31741,1,3590,0
16463,1,0,1128,11571,12338,1,1576,1,1493,0
16475,1,0,11922,452,443,1,69163,0,2562,0
16478,0,0,5014,13385,4770,1,11961,0,3430,0
16483,0,0,53,146072,998,0,1450,0,3049,0
16518,1,0,472098,1366,1269,1,25757,0,2093,0
16545,0,0,1124,1682,1398,1,5072,0,3637,0
16549,1,0,1134,11,0,0,1798,0,3801,0
16601,1,0,15,871330,5797,0,6915,0,3620,0
16612,1,0,8,5,100,0,9,0,1004,0
16625,0,0,860,1757216,233,0,18311,1,4265,0
16637,0,0,9766,608,2368,1,4738,0,3358,0
16698,1,0,47923,145236,4359,0,60840,0,2249,0
16701,0,0,13516,328,1081,1,1201,0,2182,0
16702,1,0,65,1,0,0,171,0,1445,0
16706,0,0,4899,1212509,20,1,13158,1,4072,0
16707,1,0,57703,212,494,0,16790,0,1492,0
16749,0,0,575,214,2669,1,392,0,2898,0
16778,0,0,488,1283509,418,1,2198,1,2962,0
16810,1,1,115,6,0,0,122,0,2519,0
16815,1,0,1778,1429002,138,1,3149,1,2987,0
16866,0,0,1874,487,383,1,11006,0,2168,0
16879,1,0,25,841768,2525,0,57115,1,4181,0
16892,0,0,10094,67900,63,0,3482,0,2883,0
16896,0,0,16424,114610,3542,1,29667,1,4096,0
16904,0,0,3017,392,398,0,1473,0,2151,0
16937,1,0,1604,184,0,0,2394,0,2348,0
16938,1,0,1013,265717,163,0,5351,0,3797,0
16951,0,0,0,254764,62,0,5333,1,4183,0
16956,0,0,18106,2379,1160,1,16033,0,2265,0
17022,0,0,22798,505,529,1,12654,0,4435,0
17056,0,0,91560,511,659,1,57407,0,3811,0
17073,0,0,11204,108,50,0,4529,0,1196,0
17140,0,0,26254,1188766,1675,1,20012,1,3849,0
17152,0,0,1025,494419,353,1,7697,1,3237,0
17165,0,0,11475,1076224,1706,1,105739,1,4643,0
17166,0,0,591,1708222,455,1,5235,1,3369,0
17167,0,0,78699,750,1486,1,24121,0,4253,0
17172,0,0,15607,1641626,218,1,18265,1,4070,0
17186,0,0,30019,1338890,1604,0,48734,1,3794,0
17213,0,0,35,206662,71,0,15230,1,3253,0
17229,1,0,2282,309482,646,1,44894,0,4083,0
17262,0,0,11450,469,437,1,6863,0,3693,0
17291,1,0,349,750,1360,1,8465,0,1884,0
17306,1,0,5728,53,279,1,268,0,915,0
17326,0,0,98364,14784,12698,1,38830,0,1377,0
17418,1,0,5154,270,413,0,3718,0,2779,0
17428,0,0,9886,16677,3657,1,65124,1,4297,0
17431,0,0,11849,357,204,1,10402,0,2725,0
17496,0,0,192938,1833,3088,1,45361,0,3982,0
17501,0,0,277,628829,1374,1,18845,1,3919,0
17502,0,0,5,105269,164,0,1859,1,3976,0
17523,0,0,23157,1014,547,0,12270,0,4229,0
17552,0,0,363,384,964,0,10534,0,3927,0
17557,0,0,130083,33376,22457,0,50531,0,3276,0
17596,0,0,14520,860,564,1,37033,0,2720,0
17603,1,0,1612,50,473,0,1822,0,1787,0
17630,0,0,11251,458,763,1,1193,0,2658,0
17670,1,0,10362,343,309,0,1097,0,1424,0
17671,0,0,6191,121796,389,0,26233,1,2691,0
17683,1,0,10396,4037,2099,0,9231,0,3442,0
17709,0,0,320,1132988,505,0,14511,0,4208,0
17775,0,0,9762,3345,2580,1,20373,0,2821,0
17784,0,0,3915,499,468,1,11399,0,2688,0
17797,0,0,1897,57,338,0,1426,0,3835,0
17857,1,0,2635,46767,144,1,1456,1,841,0
17862,0,0,15177,18676,109,0,4756,0,3023,0
17902,1,0,18186,1865,244,1,4708,0,1095,0
17909,0,0,1943,472,525,1,3115,0,4154,0
17931,1,0,950,147,292,0,1856,0,2634,0
17969,0,0,3032,1020,4168,1,32112,0,3277,0
18066,1,0,28387,10959,174,0,68488,0,3253,0
18070,1,0,3534,1976699,272,0,1236,1,1459,0
18091,1,0,1385,2172,165,1,38096,0,4146,0
18161,0,0,742,102,359,0,1037,0,4172,0
18238,0,0,146,106,260,0,28912,0,3549,0
18250,0,0,58662,1578,4354,1,116348,0,3313,0
18263,0,0,710,3837440,89,1,5060,1,2896,0
18285,0,0,40612,938,727,1,21850,0,3229,0
18303,1,0,31911,2092,967,1,50695,0,1287,0
18306,0,0,368,528740,375,1,1705,1,4235,0
18307,1,0,8636,191,510,1,7616,0,1731,0
18311,0,0,3942,23181,575,1,2365,0,1068,0
18324,0,0,34,33742,123,1,2154,0,3839,0
18328,1,0,1639,5593821,86,0,6535,1,2197,0
18334,0,0,38739,4190,1127,0,78157,0,2909,0
18340,0,0,1290,2962,719,1,7166,1,4410,0
18355,0,0,15790,29915,32893,1,206997,1,4191,0
18391,0,0,14532,2105,1976,1,11241,0,2308,0
18396,0,1,17,12,0,0,149,0,4062,0
18398,1,0,6767,102,167,1,634,0,3246,0
18450,1,0,1792,35,441,0,151,0,3224,0
18452,0,0,2097,65688,315,1,8949,1,4162,0
18493,1,0,16,23,1744,0,102,0,3640,0
18516,0,0,6812,445,1539,1,4186,0,1962,0
18526,0,0,144565,839,602,1,46086,0,2913,0
18531,0,0,3342,267,166,1,16021,0,3856,0
18539,0,0,4810,24255,22303,1,21864,1,3219,0
18553,1,0,2323,21,358,0,2029,0,710,0
18557,0,0,79370,13473,1238,1,5195,1,3986,0
18572,0,0,4866,3138026,5,1,4329,1,2835,0
18592,0,0,618,675,102,0,16,0,1753,0
18600,1,0,1519,15672,5901,0,1423,0,3087,0
18634,1,0,5064,147,465,0,2779,0,2907,0
18706,0,0,120,652944,389,0,6920,1,3547,0
18816,1,0,6994,348,340,0,4608,0,1532,0
18836,1,0,152,0,0,0,290,0,1118,0
18844,0,0,6556,153,343,1,2081,0,3230,0
18865,0,0,36606,283,655,0,2007,0,2889,0
18868,1,0,39,65,0,0,871,0,3499,0
18883,1,0,118,2834892,189,1,404,1,3408,0
18907,0,0,11,1081147,61,1,8760,1,4169,0
18920,0,0,2232,1411457,222,1,445331,1,4730,0
18942,0,0,8255,316,256,1,23412,0,4156,0
18944,1,0,38546,1030,2609,1,9219,0,4079,0
18959,0,0,6472,961389,1429,1,32788,1,4337,0
18973,0,0,22112,1298752,896,1,8349,1,4155,0
18974,0,0,36605,391100,1517,1,54187,1,4077,0
18977,0,0,4943,105027,607,1,38838,1,4274,0
19040,1,0,3677,45,831,0,1301,0,4242,0
19089,0,0,797,1085033,1115,1,22143,0,4006,0
19106,0,0,2068,151,0,0,10637,0,2994,0
19123,0,0,1609,41,239,0,2979,0,4185,0
19164,0,0,8412,2537,3545,1,34077,0,3167,0
19183,1,0,2729,1190,551,0,14589,1,3308,0
19190,1,0,58,2,0,0,90,0,1101,0
19210,0,0,4491,70208,70758,1,45602,0,4214,0
19211,0,0,9326,433,565,1,20090,0,3116,0
19221,1,0,77238,1535,110,0,30078,0,1183,0
19277,0,0,127369,90024,2963,1,57980,1,3857,0
19290,0,0,1,2490188,10,0,2595,1,4046,0
19293,1,0,454,739786,692,1,19632,0,3228,0
19331,1,0,1944,313796,1229,1,132990,1,4481,0
19365,0,0,373,5795,5,1,3849,0,3778,0
19377,0,0,2106,81810211,122036,0,9286,1,4528,0
19386,0,0,5127,2668,1919,1,15704,1,3126,0
19390,1,0,2009,47,60,1,1120,0,1661,0
19417,0,0,1671,751268,2192,1,16877,1,3362,0
19470,0,0,184615,2658,3595,1,145344,0,2171,0
19502,0,0,3619,4894,327,1,22877,1,4053,0
19504,0,0,3,91341,0,0,8,0,2844,0
19542,0,0,3131,630081,108,1,9574,0,3548,0
19556,1,0,4408,152,134,0,2624,0,1225,0
19574,0,0,45529,25283,21118,1,17716,0,4251,0
19584,1,0,66,0,0,0,107,0,1109,0
19590,0,0,3890,153,208,1,3504,0,3017,0
19593,1,0,5512,814,1218,1,19564,0,1785,0
19597,1,0,59359,543,1058,1,17688,0,2372,0
19599,0,0,1383,16447,2932,1,12367,0,2373,0
19614,1,0,15104,1898,1261,1,4551,0,1153,0
19634,0,0,38997,356156,161,0,80671,0,3618,0
19635,0,0,4552,90,1041,1,829,0,4370,0
19644,0,0,1562,922,516,1,39667,0,3829,0
19648,0,0,1983,13931,109,1,413,1,3238,0
19665,0,0,31885,7808887,1414,1,5262,1,3724,0
19712,1,0,0,968480,617,0,8429,1,2408,0
19723,0,0,0,284265,41,1,740,0,3606,0
19815,0,0,43741,137007,70899,0,311627,0,2390,0
19856,0,0,36710,683,809,1,10522,0,2374,0
19877,0,0,2793,112,293,1,2798,0,1951,0
19890,0,0,3491,185,176,0,14611,0,3177,0
19917,0,0,15737,2744,2671,1,25623,1,3510,0
19918,0,0,32275,85709,1252,1,64404,1,3055,0
19934,1,0,3793,91,603,1,2569,0,2442,0
19948,0,0,14693,96,485,0,2874,0,4195,0
19954,0,0,3,33611,131,0,5567,0,3929,0
19999,1,0,34,15,0,0,178,0,2580,0
20015,0,0,5318,22,73,0,1699,0,3168,0
20026,1,0,439,890,1106,1,2581,0,3117,0
20046,0,0,275823,288201,27601,1,40321,1,4226,0
20048,0,0,1050,72,142,0,1996,0,4432,0
20053,0,0,16694,340,590,0,6217,0,2073,0
20063,1,0,428,24,35,0,1064,0,3401,0
20067,1,0,223,29,155,0,312,0,3666,0
20070,1,0,115223,4484,4900,1,11897,0,2524,0
20071,0,0,2049,2616417,1566,1,20650,1,4097,0
20084,0,0,1183,25050,831,1,99859,1,4263,0
20090,0,0,5432,6358,2635,1,7056,1,3132,0
20110,0,0,516,43,506,1,428,0,3537,0
20124,0,0,88211,2111,913,1,12579,0,1550,0
20127,0,0,699,1025,1615,1,15799,0,3910,0
20137,0,0,2050,50,0,0,4208,0,4161,0
20147,1,0,110,0,0,0,196,0,1118,0
20198,1,0,1337,16,81,1,457,0,3702,0
20287,0,0,72,1627925,209,1,9843,1,3699,0
20305,0,0,41,646562,33,0,1197,1,3587,0
20309,0,0,1477,1740,756,1,3854,0,4500,0
20328,0,0,378,205005,186,1,3802,1,3792,0
20333,0,0,5337,638,273,1,64951,0,3727,0
20339,1,0,979,1038,1220,0,1232,0,1111,0
20354,0,0,2197,100,202,1,3619,0,1688,0
20393,0,0,393,16907769,780,1,43864,1,4500,0
20446,1,0,21790,904,482,1,13047,0,2436,0
20473,0,0,5457,139,224,1,7970,0,4031,0
20490,1,0,31187,186,396,1,5773,0,1144,0
20536,0,0,782,2648163,67,1,665,1,3354,0
20549,0,0,2197,120,74,1,4416,0,4102,0
20556,0,0,11283,1625,709,0,5527,0,1500,0
20562,0,0,9653,312,306,0,2336,0,2297,0
20563,0,0,6896,847,552,1,4111,0,3338,0
20564,1,0,199,3,70,0,45,0,756,0
20570,0,0,9228,101218,860,1,18489,1,3344,0
20616,1,1,26,4,0,0,225,0,2635,0
20632,0,0,978,254923,781,0,14454,1,4124,0
20658,1,0,13696,2132,1120,1,88684,0,2343,0
20672,0,0,96884,1449,444,1,51193,0,2780,0
20679,0,0,4255,169,295,0,1295,0,939,0
20703,1,0,719,43,176,1,4381,0,3445,0
20705,0,0,16647,1032495,4502,1,1641,1,3315,0
20737,1,0,1813,81,64,0,1184,0,4526,0
20758,0,0,96428,519,60,1,4910,0,3535,0
20764,0,0,418,21958,0,0,1902,0,3124,0
20776,0,0,219,100750,881,0,41512,1,4191,0
20777,1,0,15827,170,52,1,15658,0,3103,0
20781,0,0,70940,3792,4225,0,9322,0,1709,0
20799,0,0,24897,116,129,1,14407,0,3033,0
20819,0,0,11489,278,1318,1,6533,0,3703,0
20846,0,0,326,186137,218,0,27901,1,3554,0
20858,1,0,12942,178,327,0,24303,0,3421,0
20859,1,0,33435,266,237,1,8694,0,1818,0
20864,0,0,1811,696,867,1,12348,0,4135,0
20877,0,0,75,508,278,1,44269,0,4213,0
20886,0,0,18926,58634,2492,1,8850,0,3158,0
20927,0,0,909,33,373,0,1376,0,2802,0
20991,0,0,2734,5871,1747,0,6434,1,2507,0
21001,1,0,1611,1236268,198,0,10599,0,2981,0
21021,0,0,4174,277,238,1,51136,0,3235,0
21031,0,0,53171,376,324,1,14099,0,2393,0
21053,0,0,24330,3527,454,0,45331,0,3962,0
21057,0,0,57012,25062,15735,0,88358,1,3882,0
21061,0,0,5902,217,231,1,6326,0,1477,0
21070,1,1,0,82,11,0,0,0,1449,0
21087,1,0,8588,1076,883,0,8473,0,3394,0
21100,0,0,1188,36,173,1,595,0,4095,0
21103,0,0,187483,14476212,1452,0,62681,1,4214,0
21123,1,0,60,53,260,1,316,0,3510,0
21140,0,0,4367,200279,1278,1,262636,1,4369,0
21152,0,0,2438,482,654,0,4583,0,4038,0
21158,1,0,633,30,161,0,371,0,1234,0
21159,0,0,4994,20954,3621,1,11665,1,3059,0
21179,0,0,10991,58019,1269,0,25821,1,4060,0
21186,0,0,3710,78,314,0,4841,0,4219,0
21198,0,0,43176,1562,4999,1,118236,0,3342,0
21217,1,0,15688,1961,341,1,3666,0,1100,0
21229,0,0,13202,40057,1202,1,27729,1,3311,0
21230,0,0,16761,16536,5482,0,22047,1,2725,0
21251,0,0,5266,4917,890,1,7654,0,3355,0
21254,0,0,325,945924,142,1,7436,1,3855,0
21285,0,0,18131,4068,402,0,10449,1,3170,0
21295,0,0,1380,238,297,0,4622,0,3532,0
21326,0,0,39,61,0,1,8301,0,3230,0
21339,0,0,41283,57206,872,1,2864,1,4177,0
21344,0,0,42560,87206,2995,1,16183,0,3608,0
21345,1,0,17803,951,0,1,137080,0,2686,0
21405,1,0,847,4417065,111,1,1478,1,2683,0
21416,1,0,417,42,173,1,931,0,1067,0
21425,0,0,500,303214,425,1,16546,0,3713,0
21430,0,0,102087,1333324,245,0,52233,0,3052,0
21450,0,0,503,2502,466,1,57043,1,3181,0
21473,0,0,351,62,317,0,752,0,3182,0
21508,0,0,7666,473,347,0,3858,0,1123,0
21544,0,0,12259,15749,6619,1,2674,1,3622,0
21546,0,0,41,84,0,1,4627,0,3920,0
21550,0,0,49982,1843,969,1,57233,0,2452,0
21585,0,0,4770,110,175,0,1623,0,2946,0
21618,1,0,21127,440,425,1,3673,0,2914,0
21642,0,0,1018,275,551,1,5339,0,3577,0
21653,0,0,600,397048,502,1,1448,1,3609,0
21655,0,0,138,281,319,1,5205,0,4499,0
21656,0,0,5983,678,675,1,12200,0,4157,0
21677,0,0,193018,1060767,1514,1,77690,1,3691,0
21726,0,0,85553,1674,1314,1,77076,0,1978,0
21740,1,0,3341,117,228,1,834,0,3269,0
21752,0,0,8436,613,626,1,30123,0,3665,0
21774,1,0,855,199,438,0,726,0,1452,0
21795,0,0,3604,1057,852,1,15449,0,3502,0
21804,0,0,19207,1001,411,0,14090,0,2349,0
21884,0,0,5262,764951,444,1,1460,0,3621,0
21889,0,0,1208,301749,379,1,4833,1,4142,0
21966,0,0,64,998186,155,1,5982,1,4071,0
21982,0,0,11783,6181,593,1,35704,0,3849,0
22002,0,0,20996,218,229,1,39574,0,3653,0
22005,1,0,28925,732231,484,1,20514,1,3779,0
22007,1,0,14211,286,327,1,3798,0,1847,0
22031,0,0,4033,459,427,1,7230,0,2404,0
22034,0,0,48822,7215,5721,1,43605,0,4851,0
22050,0,0,110,30,197,0,931,0,4455,0
22086,0,0,620,1948,420,0,28001,0,3421,0
22127,1,0,12480,109,1488,1,6679,0,4082,0
22156,0,0,16016,245,452,0,5843,0,3344,0
22183,0,0,108,1250220,1606,0,42909,1,4038,0
22225,0,0,154871,5068,3814,1,115516,0,4218,0
22252,0,0,21071,160,560,1,5400,0,4352,0
22286,1,0,2213,48,0,0,2974,0,4234,0
22296,1,0,3444,1105,1102,1,4093,0,1031,0
22297,1,0,7145,97,372,0,2432,0,1693,0
22304,0,0,2230,837972,393,1,4380,1,3528,0
22331,0,0,1747,2874425,940,1,8266,1,4116,0
22355,0,0,9691,773,746,0,23337,0,2910,0
22357,1,0,6124,256,0,1,13646,0,2937,0
22435,1,0,53,1,0,0,125,0,1444,0
22443,1,0,221900,1011,1544,0,4961,0,2891,0
22481,1,0,31275,8421,8176,0,20318,0,1419,0
22491,0,0,36382,4221,784,1,18390,0,4250,0
22530,0,0,5972,442,189,1,185,0,3062,0
22577,1,0,0,1000413,95,0,1967,1,3721,0
22602,1,0,10561,107,270,0,9670,0,1747,0
22623,1,0,17467,98,152,0,579,0,1594,0
22634,0,0,12857,1132,866,0,22121,0,3076,0
22662,1,0,47774,1395,2246,0,71546,0,3721,0
22670,0,0,1259,588008,665,1,29182,1,3496,0
22675,0,0,6469,891,783,1,12222,0,2759,0
22722,0,0,1964,11528,941,1,9332,1,4060,0
22748,0,0,74791,20476,2958,1,101777,0,2779,0
22752,1,0,2925,50,226,1,491,0,2957,0
22764,0,0,4231,85898,3180,1,13499,1,4094,0
22815,0,0,1302,614,1187,1,7115,1,3361,0
22823,0,0,271,166,310,1,7707,0,2966,0
22837,0,0,15545,1033,478,1,20390,0,4037,0
22845,0,0,107009,7473,887,0,57947,0,3710,0
22853,0,0,114942,2295,4758,1,22182,0,2379,0
22854,0,0,19248,19844,986,1,48037,1,3981,0
22891,1,0,17922,50,705,1,470,0,2545,0
22915,1,0,871,515,1004,1,3792,0,2559,0
22921,0,0,42143,2470,985,0,14454,0,3268,0
22953,0,0,7337,664,568,1,7239,0,2675,0
22955,0,0,8,4732500,162,0,4413,1,3600,0
22961,0,0,92607,1303,2714,1,84296,0,3366,0
22966,1,0,1240,44,246,0,162,0,3305,0
22985,1,0,1335,35,742,0,802,0,2895,0
23025,1,0,5333,168,170,1,758,0,1275,0
23030,1,0,7387,961783,777,0,10703,1,3785,0
23055,1,0,4231,673,54,1,968,0,1306,0
23094,0,0,37631,8201651,1300,0,14180,1,3146,0
23101,1,0,2312,45,154,1,1897,0,2774,0
23114,0,0,2187,116133,75,1,42082,1,2690,0
23151,0,0,20943,394,813,1,11902,0,4218,0
23161,0,0,2454,980,2113,1,5249,0,3963,0
23170,1,0,218,42,361,0,680,0,2395,0
23245,1,0,657,95,145,0,729,0,1225,0
23257,1,0,30373,560,527,0,9993,0,842,0
23275,0,0,10370,160,111,1,4991,0,2751,0
23290,1,0,4457,4,82,0,414,0,899,0
23293,0,0,2610,203697,128930,1,28427,0,4170,0
23308,0,0,15121,548,1233,1,17010,0,2452,0
23355,0,0,11857,1233739,1354,0,29546,1,4157,0
23361,1,0,3348,17,239,0,1247,0,1562,0
23383,0,0,64,815627,241,0,2103,1,4184,0
23395,0,0,2752,236,0,0,6678,0,3157,0
23437,0,0,1259,7713313,68,1,1516,1,3869,0
23446,0,0,23047,822,344,1,60188,0,2914,0
23463,1,0,89,9,0,0,198,0,2849,0
23480,0,0,58296,1305522,15773,1,82183,1,3789,0
23513,1,0,25133,798,1115,0,6540,0,1351,0
23521,0,0,5325,1341218,510,1,52961,1,4169,0
23537,0,0,6856,738,464,1,8234,0,2998,0
23543,1,0,64,0,0,0,157,0,1445,0
23570,0,0,1651,1703486,58,1,3316,1,3763,0
23571,0,0,4107,2653,872,1,12211,0,3309,0
23585,0,0,10401,41924,10929,1,130708,1,4589,0
23620,0,0,84051,1272,1279,1,50612,0,3348,0
23624,0,0,23961,267,84,1,12032,0,3120,0
23636,1,0,91,0,0,0,130,0,1108,0
23652,1,0,5504,578,594,0,4708,0,2514,0
23670,0,0,1373,147,474,1,1020,0,4050,0
23706,1,0,54606,1513,543,0,5139,0,2885,0
23711,0,0,1836,43,141,1,3153,0,3292,0
23725,0,0,1302,11,30,0,1657,0,1774,0
23789,0,0,44419,53560,8678,0,24267,0,3962,0
23820,1,0,148,13,201,0,4153,0,2478,0
23875,0,0,12532,1071,1140,1,7398,0,2929,0
23895,0,0,4,79763,95908,0,11317,0,3512,0
23896,0,0,8061,29,189,1,932,0,4130,0
23911,0,0,2383,41,203,0,485,0,2833,0
23929,1,0,58,67,46,1,264,0,2922,0
23936,0,0,60057,607,1608,1,1096,0,2730,0
23958,0,0,1916,21810,646,0,3568,1,4016,0
23964,1,0,1230,15,77,1,523,0,2511,0
23972,1,0,59221,2517,638,1,13590,0,1111,0
23982,0,0,41800,1943,1327,1,53097,0,1616,0
24003,0,0,29455,153342,1594,1,28688,1,4027,0
24005,1,0,5590,1378,1836,1,5127,0,2411,0
24007,0,0,151,9013610,401,1,7629,1,3754,0
24016,1,0,1898,22,121,0,328,0,686,0
24032,1,0,6235,646,1209,1,15335,0,3754,0
24036,1,0,4579,2357,3231,0,1669,0,2121,0
24058,1,0,255,51995,11538,1,22664,0,2568,0
24064,0,0,4,260,297,1,5278,0,3003,0
24072,1,0,169,1203695,579,0,4539,1,3261,0
24089,0,0,32288,70845,1970,0,28105,1,3102,0
24110,1,0,249,488887,421,1,8991,1,3127,0
24138,0,0,486,533,1027,0,2072,0,4086,0
24146,1,0,737,938,195,0,1906,1,2915,0
24172,0,0,16861,9283,401,1,6138,0,3732,0
24212,1,0,11,941,0,0,3025,0,4147,0
24214,1,0,4088,323,1572,0,3912,0,3149,0
24241,0,0,5266,236,400,1,4612,0,2387,0
24293,1,0,36246,7550,8282,0,6069,0,2747,0
24304,1,0,165,18,50,0,480,0,1645,0
24343,1,0,16832,1576,1771,0,11795,0,1316,0
24375,1,0,1868,1140,72,0,4775,0,1410,0
24409,0,0,0,524114,483,1,8894,0,3793,0
24426,0,0,2199,346,954,1,4166,0,4249,0
24434,0,0,21234,619,578,1,11641,0,3241,0
24450,0,0,78548,274,1737,0,2771,0,977,0
24451,0,0,3406,539,372,0,10160,0,2768,0
24455,0,0,8,21,0,0,239,0,3910,0
24461,0,0,36146,1014,516,1,25302,0,2291,0
24463,1,0,235162,3194,3211,1,52736,0,3143,0
24504,1,0,273,2,237,0,18,0,1299,0
24516,0,0,2320,789,0,1,25047,0,2392,0
24527,0,0,2523,347,581,1,16792,0,4023,0
24539,0,0,29670,10874,1070,0,25919,1,4130,0
24566,0,0,17560,326,492,0,5040,0,3009,0
24573,0,0,6980,19725,9436,0,69247,0,4318,0
24610,0,0,4795,16379,1944,1,3547,1,2880,0
24615,1,0,59537,4405,5001,1,32198,0,3437,0
24624,1,0,8728,577,158,1,11220,0,3090,0
24629,0,0,373,84167,930,0,7074,1,3987,0
24638,0,1,311,873,2619,0,40386,0,1815,0
24655,0,0,0,246,0,1,267,0,1317,0
24658,1,0,2803,142,331,0,8480,0,3988,0
24662,1,0,135,6,20,0,22,0,664,0
24679,1,0,83057,7848,835,1,81238,1,4065,0
24712,1,0,2,145852,969,1,5266,0,1303,0
24726,0,0,123529,9135,4869,1,90479,0,2673,0
24735,0,0,35970,2212,4586,1,15386,0,3780,0
24746,1,0,16394,140,230,0,5770,0,1095,0
24747,1,0,82,1,0,0,212,0,1445,0
24751,1,0,4913,71,628,1,2538,0,2006,0
24755,0,0,422,180,41,0,2937,0,3315,0
24772,0,0,28,102102,395,0,4555,1,4112,0
24782,1,0,11584,1152,673,1,3719,0,1545,0
24797,1,1,18,0,0,0,856,0,3077,0
24826,1,0,64208,584,419,1,54521,0,1225,0
24832,0,0,27510,8119,7045,1,3901,0,4249,0
24833,1,0,21538,213,73,0,3396,0,2087,0
24849,1,0,1295,99,439,1,684,0,3964,0
24896,0,0,1910,138,522,0,2154,0,3994,0
24936,0,0,3,125,101,1,878,0,4632,0
24946,1,0,56,0,0,0,117,0,1445,0
24948,1,0,13214,367,291,1,33774,0,3137,0
24950,0,0,2888,4627,1378,1,14024,1,2479,0
24953,0,0,305,648,586,1,3646,0,4318,0
24964,1,0,99,0,0,0,126,0,1146,0
24986,1,0,134,2,0,0,291,0,1445,0
25016,1,0,549,27,55,1,795,0,3140,0
25040,0,0,12253,2731,1837,1,95324,0,2974,0
25041,1,0,22692,217,920,1,5552,0,1655,0
25048,1,0,425,787,247,0,1124,0,1149,0
25079,0,0,4987,197531,3047,1,132290,1,4452,0
25084,1,0,0,5845755,66,0,166,1,3100,0
25087,0,0,4112,29743,634,1,14964,0,4125,0
25118,1,0,2272,515647,501,0,36205,1,4426,0
25153,0,0,26162,10572,4330,1,7309,1,4595,0
25190,0,0,37815,354,614,1,28753,0,3267,0
25234,0,0,1142,16355,218,0,4345,0,3151,0
25242,1,0,1393,2012,2513,1,7697,0,4624,0
25251,0,0,2691,38,136,1,4935,0,4198,0
25279,0,0,47260,1361,1030,1,2091,0,4137,0
25295,1,0,739,190,152,1,1807,0,1823,0
25304,0,0,452,75,439,0,207,0,4064,0
25326,1,0,19527,119,1227,1,2185,0,1680,0
25350,1,0,6046,761,4435,1,4091,0,2709,0
25370,0,0,4,759527,861,0,29955,1,3808,0
25379,0,0,29629,9862,1375,1,769,1,4261,0
25390,0,0,1700,2074,1669,1,65130,0,4063,0
25415,0,0,16426,1495,827,1,2095,0,3854,0
25420,0,0,855,133466,772,1,25606,1,4008,0
25436,0,0,9334,262,251,1,8810,0,2284,0
25442,0,0,364,1754180,243,1,19010,0,4179,0
25454,0,0,28,248,165,1,9125,0,3813,0
25475,0,0,7873,4548,2911,0,1181,0,2364,0
25517,1,0,181,717023,85,0,1270,1,2282,0
25528,1,0,52140,2160,1150,1,15481,0,3170,0
25541,0,0,61630,74,79,1,24218,0,1554,0
25543,0,0,92353,1140325,386,1,11123,1,3670,0
25552,0,0,4347,184793,216266,1,9110,0,3233,0
25570,1,0,0,4,41,0,98,0,1357,0
25588,0,0,16429,199,398,0,10309,0,4206,0
25605,1,0,9063,593,1250,1,3328,0,3150,0
25654,0,0,10288,2401,1445,0,5695,0,2993,0
25719,0,0,7256,2452764,1549,1,15915,1,4158,0
25724,0,0,2823,6192483,204,1,27910,1,4099,0
25765,0,0,10810,1431,2339,1,6283,0,2847,0
25768,1,0,2025,185,354,0,2948,0,4407,0
25771,0,0,142,762,2059,0,324,0,2733,0
25800,0,0,5,46,0,0,99,0,3636,0
25815,0,0,4466,3775927,388,0,8560,1,3331,0
25843,1,0,45090,207,57,1,14629,0,1998,0
25868,1,0,321,2558433,2406,1,5645,1,3746,0
25913,0,0,5574,350,356,0,8689,0,3946,0
25914,0,0,29,56259,0,0,55,1,3686,0
25931,0,0,17639,69,217,1,1337,0,3988,0
25942,1,0,17,14,0,0,546,0,3502,0
25955,0,0,6965,1321,433,0,8750,0,2738,0
26017,0,0,3326,393271,640,0,23400,0,4058,0
26023,1,0,4330,170,175,0,2071,0,797,0
26115,0,0,4625,565,820,0,9318,0,4228,0
26139,0,0,1169,551,0,0,6844,0,2980,0
26151,0,0,769,516,337,0,20055,0,4131,0
26185,1,0,43,0,0,0,109,0,1444,0
26187,0,0,18148,974020,544,0,27383,1,3617,0
26206,0,0,144719,1806,2570,1,110122,0,3945,0
26231,0,0,9453,225,245,1,6871,0,1506,0
26242,1,0,2338,29,107,0,3618,0,3231,0
26250,0,0,3448,219,111,1,7821,0,3615,0
26283,0,0,7436,884,1846,1,34500,0,4222,0
26327,0,0,9856,1798048,122,1,5956,1,2272,0
26362,0,0,1205,90,272,0,839,0,3037,0
26365,1,1,16,6,0,0,307,0,3039,0
26401,0,0,27057,2820,1124,0,27981,0,3435,0
26408,1,0,2729,218,1315,1,4550,0,1774,0
26463,1,0,6845,48,471,0,284,0,1760,0
26485,0,0,10,45,107,0,372,0,2483,0
26497,0,0,12998,200100,355,1,15671,0,2551,0
26498,1,0,3985,154,244,0,2611,0,891,0
26509,0,0,5,74,0,1,1234,0,3491,0
26510,1,0,11950,217,745,1,4699,0,2419,0
26586,0,0,75,105,93,1,117,0,3616,0
26647,1,0,496,444,10,0,2481,0,2339,0
26655,0,0,44349,623105,3923,1,40054,1,4218,0
26677,0,0,7943,65698,3422,1,28637,1,4737,0
26700,0,0,7169,880967,1432,1,35861,1,4138,0
26717,0,0,951,248295,215,0,2757,1,3447,0
26732,0,0,3460,10914,414,1,15362,1,3289,0
26751,1,0,15885,286,1348,1,8208,0,1534,0
26764,1,0,24921,145,68,0,6119,0,2736,0
26766,0,0,8883,7764,1035,1,40364,1,4881,0
26779,0,0,1745,462,702,1,5646,0,4188,0
26785,0,0,240,286741,90332,1,30508,1,4126,0
26827,0,0,62671,704723,941,1,238616,0,3843,0
26830,0,0,3138,654835,28,1,52180,1,4133,0
26886,0,0,27944,932,534,0,58007,0,4222,0
26964,0,0,464,3608,1614,1,27604,0,4365,0
26972,0,0,21510,6527,7070,0,16125,0,4281,0
27009,0,0,43110,1871,569,1,46922,0,1943,0
27047,0,0,48304,996,1312,1,14414,0,4177,0
27064,1,0,43,5,0,0,128,0,1444,0
27066,0,0,7890,954,928,1,62011,0,3353,0
27067,0,0,60972,5047,1019,1,54431,0,3985,0
27069,1,0,1532,19,132,0,369,0,3874,0
27073,0,0,3725,210,2192,1,4138,0,3221,0
27080,1,0,54,186,0,0,3199,0,2982,0
27104,1,0,184,33481146,80,1,3570,1,3773,0
27111,1,0,1698,247,3694,0,3906,0,2316,0
27127,0,0,8312,7905,1282,1,8904,1,3826,0
27128,1,0,41406,505,377,1,13890,0,1765,0
27131,0,0,2416,27,353,0,140,0,1508,0
27136,0,0,3,2752668,91,1,2565,1,3885,0
27138,0,0,1447,2423,407,1,2842,0,3507,0
27151,0,0,37795,94104,63710,0,90163,1,4217,0
27223,0,0,236,50,103,0,192,0,657,0
27292,0,0,398,3319728,147,1,2142,1,3725,0
27294,0,0,8448,102649,2808,1,58011,1,4748,0
27307,0,0,482,509,91,0,2049,0,4292,0
27324,1,0,319814,1445,493,1,37007,0,2319,0
27332,1,0,1345,377053,965,1,23178,1,3752,0
27404,1,0,88,0,0,0,160,0,1445,0
27417,1,0,15713,35351,28416,1,8997,0,3108,0
27449,1,0,14361,90,1102,0,1091,0,3750,0
27476,0,0,1585,2008794,46,1,7121,1,4184,0
27485,0,0,1209,51349,1484,0,13744,0,4153,0
27492,0,0,98856,1983,1665,1,90357,0,3486,0
27525,1,0,10943,12310,586,1,19899,1,4088,0
27551,1,0,205,2,0,0,372,0,1118,0
27587,0,0,338,1179,91,1,1413,0,3410,0
27746,0,0,7879,9302,495,1,55939,0,4165,0
27751,0,0,5180,98,286,1,1917,0,3762,0
27752,1,0,36474,85,147,0,4296,0,1857,0
27753,0,0,3300,2538173,154,1,20776,1,4102,0
27767,0,0,248,584350,58,0,1888,0,4180,0
27768,0,0,755,1227,501,1,5443,0,4188,0
27779,0,0,430,277,510,0,953,0,3485,0
27791,0,0,96,17926,601,1,69980,1,3932,0
27831,1,1,56,14,0,0,147,0,3242,0
27873,1,0,4980,18,452,0,236,0,3278,0
27876,0,0,4159,997002,1246,1,10694,1,4180,0
27881,1,0,200749,6163,5527,1,217446,0,2389,0
27887,0,0,6092,1391516,1070,0,15108,1,3276,0
27955,0,0,5,18,0,0,262,0,3920,0
27958,0,0,2120,145,92,1,16953,0,4130,0
27979,0,0,23448,195,358,1,15400,0,2141,0
27990,0,0,948,143405,120,1,8585,1,4075,0
27994,0,0,66,2392058,64,0,2275,1,3610,0
27998,1,0,350,206,0,1,860,0,3595,0
28003,0,0,49828,141544,33532,1,71971,1,4291,0
28008,0,0,1899,434560,3327,0,45411,0,3849,0
28012,1,0,1352,1754,4989,1,2592,0,3667,0
28047,0,0,1237,101,387,1,1416,0,4227,0
28062,0,0,21,140,0,0,1067,0,4015,0
28065,0,0,672,192760,953,0,139832,1,4144,0
28088,1,0,11856,720,1314,1,3746,0,1160,0
28091,1,0,131,24,122,0,249,0,2651,0
28115,0,0,27692,564,877,1,34676,0,4364,0
28129,1,0,22453,1018218,818,1,27170,1,3502,0
28131,0,0,20,1134057,642,1,8556,1,4139,0
28152,0,0,13191,129224,2714,1,30679,1,4165,0
28160,1,0,3689,8460,3889,0,15624,1,3667,0
28167,0,0,21560,7233,3401,1,38788,1,3500,0
28180,1,0,362,3714,4979,1,149424,0,3447,0
28210,1,0,15971,41,246,1,14161,0,2464,0
28223,0,0,2280,162,328,1,6243,0,4143,0
28230,0,0,44288,86732,3950,0,119945,1,4291,0
28237,0,0,34452,1704,810,1,26308,0,4056,0
28258,0,0,32872,12335,5953,1,53163,0,4304,0
28264,1,1,6,2,0,0,824,0,2360,0
28285,1,0,1783,868000,523,0,1377,1,3957,0
28293,1,0,10732,25540,1596,1,33076,1,3715,0
28299,0,0,25493,299,300,0,6014,0,2284,0
28335,1,0,6185,81,203,0,1656,0,674,0
28338,0,0,1817,165655,1142,1,45480,1,3908,0
28341,1,0,264026,1329,853,1,5500,0,3416,0
28344,0,0,8955,18262,14198,0,12526,0,1486,0
28402,1,0,285455,688,208,1,10062,0,1288,0
28421,0,0,21,106655,22449,1,103120,0,2969,0
28440,1,0,121,0,0,0,210,0,1112,0
28514,0,0,3750,1149,1030,1,3351,1,3659,0
28520,1,0,910,578933,2711,1,27233,1,4180,0
28526,0,0,17748,1107,350,1,24692,0,2571,0
28543,1,0,76,3,0,0,215,0,1445,0
28569,0,0,38890,124,469,0,7786,0,3498,0
28573,1,0,109,1,0,0,242,0,1445,0
28603,0,0,18497,637,1124,1,13002,0,4280,0
28605,0,0,22803,6373,3887,0,18074,1,3640,0
28629,0,0,3732,747,1226,0,8721,0,4151,0
28656,0,0,3,7942325,34,0,478,1,3919,0
28661,0,0,2100,680,1129,1,118467,0,4144,0
28671,1,0,268,23,31,0,164,0,2405,0
28674,0,0,1015,185,145,0,1553,0,2651,0
28681,1,0,4920,335,194,1,5878,0,2173,0
28746,1,0,3753,7349,187,0,11801,1,4067,0
28787,0,0,168242,709,712,1,47959,0,2838,0
28877,0,0,11189,85,167,0,7581,0,3064,0
28886,0,0,21432,1098,581,0,27542,0,3693,0
28912,0,0,762,324,374,1,15243,0,3619,0
28921,1,0,71,187,81,1,12382,0,2780,0
28960,0,0,12031,894,1559,0,96538,0,4008,0
28966,1,0,4116,53,785,1,1549,0,3110,0
28995,0,0,1622,88269,109124,0,2585,0,3906,0
29024,0,0,772,105,282,1,362,0,3414,0
29070,0,0,2056,33,73,0,2696,0,4102,0
29123,1,0,5305,22417,4853,0,176771,1,3698,0
29124,0,0,6869,2348,1738,1,15544,0,2707,0
29133,0,0,444,1263174,482,1,10473,1,4270,0
29142,0,0,13067,225,399,1,22158,0,3437,0
29149,1,0,10720,253,176,0,2874,0,1853,0
29152,1,0,86,13,53,0,54,0,713,0
29154,1,0,891,116,389,1,1545,0,3342,0
29155,0,0,112767,282,651,0,196,0,3071,0
29171,0,0,16191,1657591,8672,1,38860,1,4074,0
29172,0,0,50383,1404,472,0,49584,0,3637,0
29177,0,0,66500,949,2137,0,43538,0,2944,0
29196,0,0,76,7667,5992,0,304513,0,3505,0
29213,0,0,44,579805,94,0,2402,1,4061,0
29258,1,0,3907,137,203,1,1291,0,1967,0
29280,1,0,2877,3849,3558,1,45345,0,3783,0
29307,1,0,704,66540,6037,1,32472,0,2303,0
29335,1,0,4,1134667,3,0,2520,1,4101,0
29364,0,0,113108,4947,2236,1,53532,0,2978,0
29367,0,0,19183,1143,2686,0,47323,0,4104,0
29376,0,0,26,15,78,1,2343,0,2633,0
29405,0,0,7083,1151006,389,1,37166,1,3668,0
29411,1,0,2677,483,471,1,18815,0,2562,0
29429,0,0,2182,87,178,0,2966,0,2346,0
29467,1,0,9308,13649,1190,1,83287,1,4206,0
29496,1,0,364,450,244,0,1210,0,2942,0
29516,0,0,180,32,55,0,47,0,3992,0
29523,0,0,3806,885982,940,0,16085,1,4173,0
29534,0,0,4804,143,252,1,3315,0,886,0
29571,0,0,158,1933016,307,1,27058,1,4165,0
29582,1,0,18665,710,729,0,3809,0,3772,0
29583,1,0,130,1,0,0,202,0,1118,0
29584,0,0,25211,2553,219,0,39308,0,4036,0
29642,0,0,3383,1473073,87,1,3813,1,4040,0
29645,0,0,1613,1097,1254,0,5506,0,3334,0
29686,1,0,1710,136,238,1,2324,0,2342,0
29694,0,0,1761,16475,1383,0,15720,1,4587,0
29722,1,0,1090,3066077,1948,0,59595,1,4110,0
29724,0,0,19721,1001,652,1,64713,0,2780,0
29732,0,0,23923,474,399,1,12332,0,3515,0
29741,0,0,40408,2872,584,1,1330,0,1323,0
29794,0,1,47889,22602,0,0,24232,1,4217,0
29809,0,0,3523,41,257,1,7232,0,3173,0
29823,1,0,100,0,0,0,170,0,1089,0
29861,0,0,182,276728,661,1,70299,0,4006,0
29883,1,0,82,0,0,0,190,0,1444,0
29914,1,0,7358,60,198,0,333,0,3230,0
29928,0,0,66930,1611,694,1,16058,1,3960,0
29986,1,0,2,1374589,0,1,4799,1,3780,0
29991,1,0,900,106418,64,0,6964,0,3465,0
29992,0,0,5747,351,842,1,3494,0,4131,0
30020,0,0,12625,40944,122,0,8171,1,4550,0
30034,0,0,13760,4303,3126,0,34729,0,4363,0
30098,1,0,972,2139,1792,1,4832,0,3276,0
30106,0,0,18936,25013,926,0,16861,1,2971,0
30113,1,0,12,8,0,0,132,0,3339,0
30166,0,0,2394,4367604,526,0,3070,1,3785,0
30168,1,0,134,0,0,0,294,0,1445,0
30197,0,0,9161,616,1119,0,6581,0,4217,0
30215,1,0,1066,74,97,0,1630,0,4158,0
30226,0,0,12563,778,702,1,88300,0,3378,0
30242,0,0,24358,100130,19051,0,47153,1,2803,0
30253,1,0,45942,1193,994,1,54970,0,2276,0
30264,0,0,3840,290791,1029,1,62978,1,3451,0
30291,0,0,6,16,0,0,181,0,4141,0
30303,0,0,11622,1097614,82,1,8629,1,3290,0
30317,0,0,2213,150,419,1,4252,0,3402,0
30339,0,0,600,836,365,1,3256,0,3129,0
30357,1,0,85,0,0,0,195,0,1445,0
30383,1,0,3647,558,959,0,5321,0,3504,0
30397,1,0,5723,394,585,1,6597,0,1772,0
30437,1,0,146216,268,1369,1,8267,0,2528,0
30444,1,0,15555,18,411,1,65,0,1017,0
30450,1,0,16953,569,459,1,5385,0,3098,0
30451,0,0,9887,1112,831,1,109604,0,2036,0
30473,0,0,598,634086,698,1,110671,1,4302,0
30526,1,0,95,0,0,0,207,0,1445,0
30533,0,0,2255,1781803,2117,1,12154,1,3718,0
30537,0,0,22583,1023,1723,0,25642,0,1616,0
30546,1,0,73,439385,1469,1,8344,1,3369,0
30547,1,0,3544,128,1040,1,536,0,3068,0
30600,0,0,1404,372,557,0,974,0,806,0
30606,0,0,194,2487,119,1,1627,0,2517,0
30607,1,0,1806,78,106,0,1264,0,1770,0
30614,0,0,11146,3644,133,0,48264,1,4899,0
30628,0,0,3549,503,268,1,30264,0,3958,0
30629,0,0,14782,47467,99,1,42227,1,4655,0
30635,0,0,25986,121,1028,1,9695,0,1809,0
30638,1,0,5512,478,1306,0,1536,0,3207,0
30646,0,0,1176,206,1283,0,3687,0,4176,0
30656,1,0,140,64,86,0,111,0,1104,0
30675,0,0,55822,6591,5764,0,9988,1,4187,0
30679,0,0,1503,1718511,238,1,5705,1,3818,0
30693,0,0,13691,3923,3132,1,23766,1,3066,0
30723,1,0,224,237955,364,1,1442,0,3348,0
30728,1,0,7628,291,166,0,2883,0,3565,0
30773,1,0,148,20,113,1,15,0,2028,0
30777,1,0,8062,483,281,1,8828,0,2304,0
30781,0,0,4924,8739,1709,1,11960,1,4186,0
30791,0,0,38698,4064,2915,0,7497,0,993,0
30794,0,0,11230,355532,895,1,44294,1,3723,0
30795,0,0,2338,564,399,1,4522,0,3428,0
30803,0,0,13128,353,543,0,4622,0,2175,0
30848,0,0,26,16,0,0,529,0,3913,0
30873,1,0,230456,21792,22830,0,11582,0,3346,0
30882,1,0,546,111,0,0,572,0,2788,0
30888,0,0,2253,120,70,0,5283,0,3641,0
30895,1,0,108823,2133,4229,0,83531,0,978,0
30918,0,0,1981,1308625,494,1,27571,1,4143,0
30950,0,0,5009,28,102,0,1426,0,2846,0
30976,0,0,5006,3209,799,1,2946,0,2705,0
30985,1,0,94243,147684,7105,1,11180,1,2982,0
31042,1,0,43085,86,304,0,2033,0,2702,0
31075,0,0,2553,4097,1925,1,20762,0,4176,0
31094,1,0,48793,246,219,1,19849,0,1599,0
31097,1,0,71925,3730,167,0,10531,0,1283,0
31108,0,0,1899,86,364,0,869,0,3920,0
31114,0,0,84861,812,929,1,77082,0,1437,0
31125,0,0,16906,277,122,0,8575,0,2557,0
31130,0,0,2735,3674,1693,1,4479,1,4793,0
31155,0,0,1467,1482031,59,1,7616,1,4269,0
31157,0,0,43783,461,577,1,12575,0,3172,0
31168,1,0,21631,236,354,0,19463,0,1577,0
31174,0,0,16520,16700,614,1,4807,1,2145,0
31175,0,0,7371,112,276,1,2002,0,4142,0
31179,0,0,14,56804,118,0,42,1,3752,0
31190,0,0,18974,540,256,1,14290,0,2241,0
31212,0,0,8837,336,379,1,7697,0,2854,0
31221,0,0,30123,491,123,1,26319,0,3147,0
31253,1,0,1131,660,823,0,2119,0,846,0
31286,0,0,476,1416952,33,0,663,1,2822,0
31317,0,0,17631,335504,998,1,73241,1,3735,0
31319,1,0,4943,255,462,0,9534,0,2345,0
31366,0,0,17813,2052,1147,0,27700,1,4190,0
31390,0,0,13,5,0,0,1018,0,3566,0
31409,0,0,34500,1452,1005,1,13338,0,2723,0
31413,0,0,20816,229,196,1,16703,0,3039,0
31420,0,0,123,6661,17,0,3474,0,3801,0
31472,0,0,242,2070,1941,1,124145,0,4194,0
31494,1,0,346,1611,927,0,7878,0,1618,0
31516,0,0,29,89,534,1,864,0,2833,0
31541,0,0,485,53264,768,0,9772,1,3494,0
31549,0,0,3370,177,355,1,4312,0,3872,0
31556,1,0,602,1304420,133,1,290,1,1489,0
31573,1,0,59251,481,482,1,49020,0,2339,0
31609,0,0,140794,552,675,1,72322,0,4192,0
31610,0,0,22949,701,2879,1,9959,0,4345,0
31622,0,0,195,1321309,132,1,5865,1,3617,0
31633,0,0,39537,1561451,92,0,10796,1,2513,0
31640,0,0,1633,31209,8874,1,14602,1,3935,0
31644,0,0,74,1492840,1998,1,11029,1,4178,0
31684,1,0,1983,16,14,0,3010,0,4067,0
31723,0,0,5507,305,188,1,16845,0,3173,0
31769,0,0,501,45,198,1,443,0,4141,0
31829,1,0,6571,47,172,1,433,0,4166,0
31840,0,0,124421,1281,447,1,19433,0,2963,0
31876,0,0,37069,5936,811,1,12626,0,4009,0
31887,0,0,77209,474692,661,1,137658,1,4445,0
31892,1,0,607,2700856,336,0,34116,1,3836,0
31919,0,0,2183,167,681,1,3502,0,3483,0
31937,0,0,23,37,0,0,1407,0,4099,0
31942,0,0,9712,802463,1122,1,102258,1,4180,0
32011,0,0,5989,2203,2025,1,1853,1,4866,0
32015,0,0,47877,766,2314,1,44661,0,4010,0
32045,0,0,3314,2165473,231,0,57401,1,3043,0
32076,1,0,118830,615,940,0,52688,0,2840,0
32108,0,0,1596,5499,1389,0,45036,1,4380,0
32111,1,0,299,392612,5507,1,84976,1,4087,0
32115,0,0,26489,22989,403,1,13753,1,4221,0
32137,1,0,2231,19,125,1,3092,0,1898,0
32152,1,0,32344,307,487,0,4595,0,2178,0
32173,1,0,7851,36,232,0,9217,0,726,0
32199,0,0,2273,188,641,1,8412,0,3021,0
32208,0,0,3204,529,415,1,26521,0,3763,0
32215,0,0,13536,3946,4169,1,19101,0,1365,0
32240,1,0,693,78,396,1,760,0,1134,0
32256,0,0,193,310,368,0,1961,1,3776,0
32340,0,0,4384,3398198,491,0,36491,1,4152,0
32356,0,0,5043,42,49,0,126,0,685,0
32360,0,0,62329,17681,3541,1,175195,1,3952,0
32366,1,0,973,208,1001,0,473,0,2107,0
32375,0,0,4664,3216,499,0,15085,0,2446,0
32396,0,0,206,145,296,1,636,0,3478,0
32401,0,0,5712,99754,538,1,14070,0,4115,0
32403,0,0,1998,79,1502,0,4701,0,3383,0
32412,1,0,479,292599,1648,1,5245,1,3737,0
32418,0,0,4281,125042,1309,1,4616,1,3449,0
32423,0,0,20953,284,395,0,1808,0,3877,0
32428,0,0,22612,109,317,1,5057,0,3749,0
32431,1,0,70,3250,653,0,5710,1,2704,0
32449,1,0,23006,288,369,0,13471,0,1196,0
32452,1,0,5056,323,312,1,9933,0,3108,0
32472,1,0,8771,314,318,0,4610,0,2785,0
32478,0,0,831,58,178,1,1767,0,4143,0
32497,0,0,900,5500953,757,0,23078,1,3953,0
32501,1,0,73,762982,147,0,246,1,3396,0
32504,0,0,15961,565,2072,1,10603,0,4143,0
32563,1,0,2888,3000,1664,0,2470,0,687,0
32584,0,0,6740,205,126,0,305,0,1494,0
32617,1,0,668,31,106,1,3805,0,2165,0
32634,0,0,48683,78187,1687,1,44078,1,1779,0
32668,0,0,0,14199,15,0,44,0,4016,0
32679,1,0,10384,1205,740,1,9696,0,2220,0
32697,0,0,2080,383,1638,0,121990,0,3419,0
32707,0,0,2422,115380,827,1,9215,1,3030,0
32732,0,0,62313,4216,774,1,61741,0,4269,0
32733,0,0,6585,15038,65,0,10264,1,3292,0
32799,1,1,2,3,0,0,123,0,2807,0
32802,0,0,13999,34651,272,0,9151,1,4108,0
32825,0,0,14436,2415623,4964,1,6194,1,3987,0
32860,1,0,58,115,125,1,848,0,2463,0
32864,0,0,431,233,365,1,15812,0,3649,0
32904,0,0,508,674,610,1,17991,0,3462,0
32947,1,0,71,0,0,0,157,0,1444,0
32952,1,0,1176,160641,498,1,12982,1,3884,0
32975,0,0,55,1461006,404,1,7558,0,4124,0
33004,1,0,66,2507611,48,1,721,1,3346,0
33011,0,0,28403,6048,633,1,44758,1,3675,0
33014,0,0,851,61,43,1,9255,0,2688,0
33018,0,0,5093,534,905,1,27923,0,3031,0
33032,1,0,3284,3163,589,1,1748,1,4069,0
33033,1,0,119,1,0,0,241,0,1278,0
33107,0,0,256,1,53,0,232,0,2796,0
33114,0,0,1154,82,381,1,2531,0,3534,0
33173,1,0,542,15,0,0,1067,0,3474,0
33176,0,0,36797,12493944,1670,0,17303,1,4148,0
33179,0,0,15252,528562,803,1,22963,1,4070,0
33189,0,0,1403,16,27,1,2168,0,3487,0
33195,0,0,42293,110,777,0,4070,0,4187,0
33240,1,0,12084,108,288,0,3696,0,3436,0
33282,0,0,23718,1101,756,1,81205,0,3310,0
33293,0,0,17494,1364,1149,1,16703,0,3146,0
33298,0,0,4633,1680,299,0,1654,1,3364,0
33331,1,0,148,0,0,0,281,0,1359,0
33339,1,0,14608,1552135,1353,1,13772,1,4126,0
33385,0,0,4840,357,1132,0,2515,0,3523,0
33406,0,0,13775,1193698,560,0,62986,1,3500,0
33411,0,0,861,102,118,0,51,0,4035,0
33417,0,0,37,212284,74,0,44073,0,3799,0
33418,0,0,2774,198,431,0,1278,0,4886,0
33440,0,0,1426,77,928,0,2141,0,1185,0
33461,0,0,5,1211295,0,0,97,1,1875,0
33471,1,0,2556,306,185,0,463,0,1161,0
33496,0,0,14468,954,152,1,29351,0,3488,0
33516,1,0,2989,108,531,1,9289,0,4136,0
33561,0,0,2045,246,127,1,8538,0,3045,0
33569,1,0,4457,41,147,0,1882,0,2422,0
33591,0,0,43,497,444,1,8200,0,3050,0
33596,1,0,399,110,104,0,2108,0,695,0
33626,0,0,452,36796,847,1,1909,1,954,0
33671,1,0,180767,465,3154,0,138557,0,1296,0
33681,1,0,206,86,909,1,596,0,3384,0
33683,1,0,554,103,343,1,558,0,1115,0
33741,1,0,55,0,0,0,153,0,1445,0
33747,1,0,1241,129,516,0,1993,0,1842,0
33763,0,0,147,123419,182,1,5251,0,3363,0
33764,0,0,1538,5012864,2074,0,1179,1,3415,0
33767,0,0,190,80,319,1,965,0,4130,0
33786,0,0,46,273,128,0,2775,0,4150,0
33796,0,0,136233,35565,906,0,21248,0,1580,0
33798,0,0,904,650046,577,1,7753,1,4122,0
33799,0,0,12076,132,466,0,14887,0,4490,0
33800,1,0,1116,107,173,1,1529,0,3383,0
33804,0,0,220,1007054,652,1,8777,1,3694,0
33817,0,0,62434,7592,2653,1,42018,0,2556,0
33834,0,0,54415,7993,1045,0,18194,1,3651,0
33836,0,0,4459,122222,49,0,48005,1,3342,0
33847,1,0,1656,1421206,158,0,5497,1,3349,0
33867,0,0,1925,63991,1862,0,11813,1,3981,0
33883,0,0,2861,1092878,132,1,1285,1,2874,0
33890,1,0,75,1367,1457,0,1460,0,818,0
33892,0,0,14131,24246,763,0,67933,1,3661,0
33896,1,0,8366,33,15,0,2191,0,729,0
33916,0,0,35950,15728,4051,1,81750,1,4566,0
33920,0,0,1554,36,128,0,2345,0,3281,0
33951,0,0,3827,109,209,1,977,0,3194,0
33954,0,0,3071,8449,8552,0,8545,0,4130,0
33965,1,0,1855,474,144,0,29390,0,3926,0
33972,0,0,52120,914,2019,0,4533,0,1194,0
33989,0,0,4920,2191755,201237,1,17292,1,4226,0
34110,0,0,4910,6675001,1464,1,7624,1,4544,0
34156,0,0,2318,531,29,0,3192,0,3629,0
34167,0,0,311,314,147,0,2616,0,3397,0
34169,0,0,5110,3450,2406,1,4998,0,4123,0
34182,1,0,10249,456,393,1,10321,0,2712,0
34198,1,0,5382,149,240,1,5337,0,2886,0
34204,1,0,11055,259,258,0,12923,0,1761,0
34255,1,0,2688,1139,3627,1,954,0,3100,0
34275,1,0,197,525,462,0,71,0,736,0
34289,0,0,805,1085,403,1,30941,0,3670,0
34311,0,0,30189,393,1114,1,12626,0,2688,0
34380,0,0,245,352,291,1,1376,0,4102,0
34389,1,0,14003,2276102,1351,1,10466,1,3360,0
34404,1,0,2357,699,1097,1,892,0,3054,0
34406,0,0,3559,4,73,0,62,0,666,0
34445,1,0,1402,454,3871,0,2484,0,1194,0
34456,0,0,25735,479,3308,0,5886,0,3373,0
34463,0,0,16844,135,1077,1,5681,0,3879,0
34478,0,0,19,11759075,511,0,4251,1,4180,0
34533,0,0,706,252,21,0,1966,0,2343,0
34541,0,0,4166,93551,1253,0,18678,1,4169,0
34549,0,0,373,1075,1493,1,2647,0,4158,0
34567,0,0,3516,223308,946,0,9296,1,3981,0
34598,1,0,33069,4074,4483,1,14408,0,3133,0
34602,0,0,9,1752188,755,1,246,1,4170,0
34621,0,0,413,259,447,1,6225,0,3779,0
34656,1,0,95,0,0,0,140,0,1091,0
34671,1,0,106,1,0,0,141,0,1108,0
34681,0,0,3838,13608823,1474,1,52568,1,4180,0
34707,0,0,0,5076,1973,0,5527,1,3129,0
34730,1,0,148,0,0,0,326,0,1376,0
34744,0,0,86,194,602,1,2148,0,4171,0
34745,0,0,26559,14844,250,0,3297,1,3786,0
34750,0,0,2872,5032,407,0,6871,1,3648,0
34753,0,0,44974,1007857,2332,0,16719,1,4123,0
34765,1,0,6302,173,256,0,277,0,1415,0
34826,0,0,1039,382,1934,1,34281,0,4032,0
34838,0,0,6528,164,384,1,9138,0,2972,0
34842,0,0,296,1435987,101,1,11832,1,4150,0
34851,0,0,14300,2447855,392,0,19665,1,4061,0
34853,0,0,171,9649,956,0,6448,0,4168,0
34865,1,0,691,235,88,0,1478,0,3334,0
34866,1,0,1275,26,196,0,742,0,2531,0
34871,0,0,0,249450,235810,0,86,1,4467,0
34881,0,0,6728,823,436,1,3215,0,4160,0
34892,0,0,20250,73026,3207,1,13433,1,4137,0
34905,0,0,9789,281,280,1,6946,0,2830,0
34907,0,0,58652,1579,1006,1,87517,0,4108,0
34911,0,0,3339,1274801,499,1,5084,1,3805,0
34921,0,0,7546,668,668,1,29575,0,3237,0
34934,0,0,32436,522,316,0,1915,1,3240,0
34986,1,0,1992,25,0,1,2877,0,4129,0
35006,0,0,246,1338975,919,1,15764,1,3987,0
35022,1,0,57,227675,77152,1,4554,1,2227,0
35049,1,0,7507,2361,913,0,8390,0,2789,0
35062,1,0,17360,393,1061,1,3423,0,1744,0
35077,0,0,62647,409,947,0,11449,0,4161,0
35081,1,0,17113,514,957,1,11662,0,1914,0
35092,1,0,66076,3494,3028,1,145271,0,2723,0
35096,1,0,141,0,0,0,267,0,1201,0
35108,1,0,5,13231,61,1,11484,0,1057,0
35133,1,0,10777,3118,811,0,12545,0,2174,0
35159,0,0,28136,1911521,17149,1,16580,1,4150,0
35167,0,0,91566,668,981,0,2802,0,4094,0
35186,1,0,7,96,0,0,311,0,3174,0
35274,0,0,1797,730,1512,0,54835,0,3540,0
35317,0,0,829,5085,1074,1,7005,1,3195,0
35318,0,0,4982,250012,395,0,3076,1,3610,0
35328,1,0,49006,91,1015,1,19474,0,786,0
35356,0,0,3831,3069,242,1,2622,0,4067,0
35391,1,0,68,0,0,0,166,0,1444,0
35413,0,0,6731,687,685,1,17335,0,4197,0
35418,1,0,1922,1558,1147,1,104128,0,3759,0
35423,0,0,18848,297,415,1,6548,0,4109,0
35430,1,0,97,9,36,0,81,0,652,0
35440,0,0,2930,89032,1182,1,120279,1,3481,0
35468,0,0,11,7,0,1,144,0,3872,0
35472,1,0,143,1,0,0,230,0,1118,0
35492,0,0,4625,1243,698,1,11840,0,2374,0
35515,0,0,23142,574712,4510,1,29498,1,4566,0
35528,0,0,1036,245162,153,1,11892,0,3175,0
35537,1,0,4557,87,996,0,1104,0,1365,0
35569,0,0,560,1603281,79,1,22507,1,3721,0
35596,0,0,284,26357476,151,0,3091,1,3928,0
35689,1,0,5286,65,344,0,2087,0,3302,0
35738,0,0,20,889569,222,0,3525,0,4135,0
35759,0,0,14944,1004,582,1,11312,1,4129,0
35772,0,0,1813,517,449,0,5607,0,4231,0
35774,0,0,3233,3662,1989,0,1735,1,3712,0
35782,0,0,4257,981,772,1,24134,0,3793,0
35800,0,0,8842,616,605,1,9568,0,3998,0
35805,0,0,22648,83138,717,1,12274,1,3367,0
35807,1,0,212,0,0,0,427,0,1445,0
35817,0,0,1595,257,319,0,7301,0,4085,0
35887,1,0,88,1,0,0,182,0,1445,0
35891,0,0,25741,1762,1910,0,11619,0,4153,0
35899,0,0,33992,931,2641,0,41541,0,4128,0
35915,0,0,4,2283185,336,0,7931,0,3987,0
35922,1,0,2095,636322,682,0,2889,0,3824,0
35931,0,0,458,87795,522,0,21073,0,2989,0
35945,1,0,113,6,0,0,217,0,1445,0
35954,0,0,9228,110,299,0,3091,0,4226,0
35972,0,0,39713,94312,90472,1,65681,0,3583,0
36028,0,0,24046,57,323,0,14332,0,4377,0
36031,0,0,10328,1825,144,0,30773,0,2939,0
36048,0,0,6540,388,335,1,4559,0,3129,0
36062,1,1,37,15,0,0,120,0,1903,0
36074,0,0,35868,6205,6319,0,31051,0,3861,0
36079,0,0,6247,588,433,0,12633,0,2580,0
36101,0,0,1813,587,2017,0,4112,0,3286,0
36112,1,0,1853,75,71,1,1804,0,3817,0
36143,1,0,39715,258,2511,1,13914,0,2060,0
36171,0,0,11783,4756637,1810,1,44620,1,4194,0
36228,0,0,8563,2017,399,0,28644,0,3375,0
36232,1,0,1265,66,176,1,2552,0,4139,0
36238,1,0,30710,946,1008,0,23029,0,815,0
36261,1,0,834,16,421,0,703,0,1127,0
36269,0,0,4884,74,661,1,1378,0,4172,0
36280,1,0,61738,2465,4960,1,55675,0,2028,0
36282,0,0,44207,544031,787,1,11802,1,3960,0
36298,0,0,16441,126764,896,1,10501,1,3917,0
36301,0,0,32627,431,506,1,10778,0,3024,0
36307,1,0,8818,518,0,1,5295,0,2480,0
36317,0,0,35319,2878,124,0,61263,0,2871,0
36325,1,0,29307,578,314,1,11509,0,3033,0
36333,1,0,20178,172,208,0,6151,0,1595,0
36366,0,0,11853,1734,888,1,4393,0,2280,0
36367,1,0,221,283,87,0,19224,0,3075,0
36378,0,0,5870,342,412,0,5159,0,2671,0
36395,0,0,30770,5605,2614,1,4992,0,4488,0
36404,0,0,5251,11340,1919,0,5641,1,3223,0
36474,0,0,42,402,186,0,59778,0,1378,0
36482,1,0,107619,4536,852,1,51912,0,3233,0
36489,0,0,40580,2442,3367,1,92340,0,4267,0
36509,1,0,32464,20719,820,1,15184,0,1332,0
36526,0,0,234,58957,593,0,10141,0,3794,0
36579,0,0,2101,73,180,1,5352,0,1787,0
36584,0,0,3707,99286,3820,1,19165,0,3270,0
36587,1,0,0,1,12,0,4,0,653,0
36632,0,0,867,1298842,336,1,1805,1,3045,0
36641,0,0,1205,493,657,1,548,0,3793,0
36648,1,0,17463,262508,2389,1,30729,1,4359,0
36661,0,0,64,1507335,1314,0,11366,1,4002,0
36666,0,0,8740,231521,67212,1,26290,0,4073,0
36681,0,0,6922,580,590,1,10519,0,3465,0
36693,0,0,4934,123,402,0,3326,0,898,0
36695,0,0,8854,1315,3284,1,11736,1,3178,0
36700,0,0,13284,234,276,1,3008,0,1857,0
36704,0,0,10583,3230,255,1,5029,0,2095,0
36726,1,0,39224,2327,4197,0,27841,0,1571,0
36728,0,0,303,193578,425,1,22779,1,4171,0
36753,0,0,2823,1948756,75,1,51616,1,3994,0
36757,0,0,30732,32135,14211,1,15210,0,3696,0
36769,1,0,7,58,708,0,129,0,2345,0
36852,1,0,68,1209822,357,0,111367,1,3023,0
36946,1,0,2701,29,645,0,78,0,1330,0
36948,0,0,6619,31100,7060,0,26814,0,3553,0
36967,0,0,45158,181,316,1,9257,0,2184,0
36970,1,0,100957,319,405,1,47751,0,3379,0
36971,0,0,1975,1496280,986,1,41857,1,4002,0
36980,1,0,211485,13812,2543,1,42742,0,1484,0
37009,0,0,3490,416,806,1,3102,0,3074,0
37023,0,0,9328,34778,78,1,25775,1,4031,0
37039,1,0,42176,227,1633,0,32816,0,1221,0
37095,1,0,7719,135,179,1,4182,0,1288,0
37111,0,0,19825,438,245,1,10169,0,4174,0
37130,1,0,6293,300,699,1,1964,0,1849,0
37139,0,0,706,1173988,254,1,12003,0,4092,0
37156,1,0,105,0,0,0,219,0,1445,0
37168,0,0,32,16,0,0,160,0,3518,0
37204,0,0,33189,256,114,1,86865,0,1823,0
37210,0,0,5015,1903,763,0,6679,0,3594,0
37211,0,0,2129,47,118,0,2702,0,3366,0
37229,0,0,704,4024052,46,0,8448,1,4098,0
37255,1,0,99,0,0,0,152,0,1179,0
37261,0,0,15982,1386,1088,1,9814,0,4101,0
37283,0,0,20137,7908,3129,0,20057,1,4054,0
37305,0,0,23755,1091,850,0,43708,0,4189,0
37311,0,0,151,13256,4331,1,43008,1,4341,0
37316,0,0,1872,66,109,1,10827,0,4507,0
37355,1,0,151,1,0,0,284,0,1118,0
37357,0,0,20793,161123,2293,1,20127,1,3828,0
37368,0,0,18383,929,1097,1,9480,0,3246,0
37397,1,0,4687,7133,125,1,27045,0,4578,0
37427,0,0,27514,7335,4203,1,16338,1,3026,0
